"id","Size","color"
"financial planners- financial regulation",0.85,"#690000"
"financial planners - retirement planning",0.800097307709533,"#690000"
"financial planners - estate planning",0.717179961952865,"#690000"
"financial planners- financial reform",0.699851165781388,"#690000"
"finance opinion leaders",0.670446629851787,"#690000"
"financial planners",0.668316871015928,"#690000"
"financial planners - financial planning & assistance",0.657912210789833,"#690000"
"financial planners - insurance",0.611517684988706,"#690000"
"on the pulse- financial industry",0.605744375897752,"#690000"
"financially astute savers",0.605672364791426,"#690000"
"financial planners - savings accounts",0.598142674987425,"#690000"
"financial planners- mitigating crisis",0.582816085171395,"#690000"
"investment enthusiasts- mutual funds",0.57585631114036,"#690000"
"financial planners - life insurance",0.561901818134906,"#690000"
"financial planners - credit & lending",0.549545434800862,"#690000"
"business strategists",0.548367338104994,"#690000"
"financial planners - auto insurance",0.545644093123544,"#690000"
"financial planners- interest rates",0.525674749674221,"#690000"
"sales strategy experts",0.491901907288659,"#690000"
"financial planners - mortgages",0.488844842015868,"#690000"
"leadership gurus",0.484751969784001,"#690000"
"on the pulse- legal services industry",0.483955131957465,"#690000"
"investment enthusiasts- hedge funds",0.47989514684359,"#690000"
"financial planners - tax software",0.473616629271291,"#690000"
"on the pulse- management consulting industry",0.473343854173244,"#690000"
"financial planners- house market",0.472798738638284,"#690000"
"business show fans",0.472626523608411,"#690000"
"business show fans",0.472626523608411,"#690000"
"business show fans",0.472626523608411,"#690000"
"budgeting masters",0.463370028951068,"#690000"
"financial planners - credit cards",0.45316710079414,"#690000"
"safety minded- antivirus & cyber security",0.452440925447036,"#690000"
"security & investigation experts",0.450179626083922,"#690000"
"analytical experts",0.429713542422602,"#690000"
"polo aficionados",0.426031083528499,"#690000"
"financial planners- gas prices",0.421207628664522,"#690000"
"veteran supporters",0.421062309580551,"#690000"
"networking masters",0.418799834379628,"#690000"
"financial planners - health insurance",0.417815766259017,"#690000"
"mentoring experts",0.414259555896042,"#690000"
"data masters",0.414051767035239,"#690000"
"on the pulse- pharmaceutical industry",0.412620666693911,"#690000"
"news junkies- law stories",0.398993826202965,"#690000"
"puzzle hobbyists- cryptography",0.397487755164262,"#690000"
"luxury investments",0.396704905499839,"#690000"
"ethics thinkers",0.395300317145027,"#690000"
"on the pulse- biotech and biomedical industry",0.394899424311725,"#690000"
"divorcees",0.39019051039245,"#690000"
"safety minded- internet safety",0.39004441489462,"#690000"
"alternative investors",0.388073435436646,"#690000"
"aspiring financial professionals",0.388034684831949,"#690000"
"home renovators- architecture",0.384126122437118,"#690000"
"software experts- enterprise software",0.384000892688186,"#690000"
"organizational gurus",0.379435636837018,"#690000"
"mercedes-benz fans",0.375156094113551,"#690000"
"business travellers",0.373862680203888,"#690000"
"triathlon competitors",0.373834963996348,"#690000"
"business learners",0.369493992872705,"#690000"
"political thinkers",0.366570206650221,"#690000"
"political thinkers",0.366570206650221,"#690000"
"on the pulse- advertising industry",0.366508010793844,"#690000"
"luxury car buyers",0.366350473830987,"#690000"
"financial planners- job market",0.365280092849082,"#690000"
"chopard fans",0.36376305569847,"#690000"
"economics thinkers",0.361577391303184,"#690000"
"business decision makers- web conferencing",0.36046967292777,"#690000"
"charity fund raisers",0.360463542405958,"#690000"
"on the pulse- real estate industry",0.357398757320089,"#690000"
"luxury hobbyists",0.355584524417272,"#690000"
"country club members",0.35518722257297,"#690000"
"business development pros",0.349838867290961,"#690000"
"global affairs enthusiasts",0.349065244225446,"#690000"
"on the pulse- power and energy industry",0.348260856104685,"#690000"
"financial planners - home insurance",0.346155106353289,"#690000"
"employee managers",0.345147505091558,"#690000"
"convertible owners",0.343369039148957,"#8B0000"
"strategic thinkers",0.341300625226128,"#8B0000"
"vacheron constantin fans",0.340139903637193,"#8B0000"
"policy makers",0.339453857487576,"#8B0000"
"stamp collectors",0.338193608177085,"#8B0000"
"philanthropists",0.33812057545352,"#8B0000"
"tag heuer fans",0.336076953735287,"#8B0000"
"financial planners - travel insurance",0.335916461111893,"#8B0000"
"driverless car buyers",0.332608359185057,"#8B0000"
"high end skiiers",0.331458434317129,"#8B0000"
"problem-solving gurus",0.331311501644763,"#8B0000"
"research devotees",0.330913971002839,"#8B0000"
"financial planners - debit & checking services",0.328645683019183,"#8B0000"
"tissot fans",0.327787252599107,"#8B0000"
"gardening fans- hands on landscapers",0.32731724991207,"#8B0000"
"financial advisors",0.326971956539523,"#8B0000"
"mineral collectors",0.325254018102027,"#8B0000"
"finance professionals",0.325194367637405,"#8B0000"
"on the pulse- aviation industry",0.323202940091122,"#8B0000"
"thru-hiking enthusiasts",0.322260718647779,"#8B0000"
"on the pulse- environmental services industry",0.320457430870609,"#8B0000"
"safety minded- home security",0.320065167554148,"#8B0000"
"clinical medicine scholars",0.320007806285633,"#8B0000"
"privacy prioritisers",0.3198120900278,"#8B0000"
"rail travellers",0.318634546217785,"#8B0000"
"training experts",0.317789677328845,"#8B0000"
"sociology thinkers",0.316940168631171,"#8B0000"
"on the pulse- information services industry",0.316781536836969,"#8B0000"
"cribbage players",0.315902288145002,"#8B0000"
"risk adverse",0.315227914286227,"#8B0000"
"biotech experts",0.313152159191886,"#8B0000"
"news junkies- disasters stories",0.311684456294542,"#8B0000"
"news radio followers",0.3096094624712,"#8B0000"
"news radio followers",0.3096094624712,"#8B0000"
"book restoration artists",0.30796815283284,"#8B0000"
"franck muller fans",0.307852130003033,"#8B0000"
"experience seeker - casinos & gambling destinations",0.307182706272054,"#8B0000"
"news junkies- current events stories",0.30709670188257,"#8B0000"
"dieters- nootropics",0.304418256091518,"#8B0000"
"rolex fans",0.304404280936714,"#8B0000"
"fair trade prioritisers",0.303746221363699,"#8B0000"
"precision timepiece crafters",0.303286011878319,"#8B0000"
"mountaineering experts",0.302032355278266,"#8B0000"
"financial planners - pet insurance",0.302021791393556,"#8B0000"
"on the pulse- manufacturing industry",0.301641946740173,"#8B0000"
"recently bereaved",0.301524796840112,"#8B0000"
"pet owners- in need of sitters",0.301468613436443,"#8B0000"
"capital raisers",0.301430152188474,"#8B0000"
"health concerned- surgery",0.300129216934588,"#8B0000"
"intensive research shoppers",0.299822453532598,"#8B0000"
"cost efficiency masters",0.299749532988832,"#8B0000"
"polar travel interested",0.298930812454865,"#8B0000"
"home renovators- doors and windows",0.297434027623426,"#8B0000"
"monarchists",0.29653025906748,"#8B0000"
"internal audit pros",0.296125034519859,"#8B0000"
"in need of help- roofing services",0.295283671743171,"#8B0000"
"active traders",0.294497458370325,"#8B0000"
"time management pros",0.294380604958986,"#8B0000"
"religious devotees",0.294091577141926,"#8B0000"
"on the pulse- agriculture",0.293865462424843,"#8B0000"
"home renovators",0.293077954335423,"#8B0000"
"printing fans",0.293058683198938,"#8B0000"
"charity givers",0.292946338094876,"#8B0000"
"gardening fans- guerrilla gardening",0.292254721806809,"#8B0000"
"quality seekers",0.291998797294543,"#8B0000"
"peugeot fans",0.291765368982695,"#8B0000"
"diving devotees",0.291348395595639,"#8B0000"
"career pathway planners",0.290385561978335,"#8B0000"
"on the pulse- innovation",0.290000328287173,"#8B0000"
"horse racing lovers",0.289890352475885,"#8B0000"
"compliance specialists",0.289461996147729,"#8B0000"
"powerpoint pros",0.288406050806324,"#8B0000"
"genetics scholars",0.28828825235694,"#8B0000"
"financial planners - student loans",0.28791810550752,"#8B0000"
"audit professionals",0.285670712657526,"#8B0000"
"on the pulse- healthcare industry",0.284886895027508,"#A50F15"
"health concerned- reproductive health",0.284642256822492,"#A50F15"
"word professionals",0.284142197758731,"#A50F15"
"mergers and acquisitions experts",0.283651990346525,"#A50F15"
"investment enthusiasts - options",0.282943867735931,"#A50F15"
"presentation masters",0.281525254282055,"#A50F15"
"barbershop music fans",0.28068435762528,"#A50F15"
"gardening fans- lawn care",0.280528815481849,"#A50F15"
"boating aficionados",0.280524218245472,"#A50F15"
"long-distance runners",0.280136551593779,"#A50F15"
"stargazing aficionados",0.279701519731908,"#A50F15"
"management pros",0.279383761409924,"#A50F15"
"breguet fans",0.279242692224285,"#A50F15"
"golf enthusiasts",0.279143059683872,"#A50F15"
"orienteering experts",0.27898245193757,"#A50F15"
"botanists",0.278825562585396,"#A50F15"
"corporate law professionals",0.276660405209047,"#A50F15"
"politics show fans",0.276311977530734,"#A50F15"
"politics show fans",0.276311977530734,"#A50F15"
"uk interested",0.275968067423126,"#A50F15"
"negotiation experts",0.27534109157612,"#A50F15"
"earth science devotees",0.275214938394023,"#A50F15"
"bell ringing devotees",0.274989517792425,"#A50F15"
"known brand prioritisers",0.274979376283355,"#A50F15"
"skiing lovers",0.274937245554889,"#A50F15"
"business growth strategists",0.274763644847897,"#A50F15"
"jaguar fans",0.273015429340315,"#A50F15"
"fitness fans- exercise equipment",0.272787600944133,"#A50F15"
"volvo fans",0.272541312700681,"#A50F15"
"archery aficionados",0.272404872205303,"#A50F15"
"charity and giving advocates",0.272206427052094,"#A50F15"
"skills-based training supporters",0.272175765049954,"#A50F15"
"on the shopping list- coffee roasting",0.271896788539271,"#505066"
"reviewing outgoings- water services",0.271422217087006,"#A50F15"
"health concerned- hair loss",0.27082891992476,"#A50F15"
"news junkies- crime stories",0.270802150086779,"#A50F15"
"iceboat racing fans",0.270677690917477,"#A50F15"
"honda fans",0.27053986033245,"#A50F15"
"health concerned- heart and cardiovascular diseases",0.270227082860289,"#A50F15"
"time poor people",0.269333618242093,"#A50F15"
"wine crafting connoisseurs",0.269041582351267,"#A50F15"
"vegetable farming fans",0.268712370805791,"#A50F15"
"process improvement specialists",0.268696559309898,"#A50F15"
"on the pulse- non-profit organizations",0.268159456566543,"#A50F15"
"pre-owned car buyers",0.26715929348214,"#A50F15"
"puzzle hobbyists- mazes (indoor/outdoor)",0.26590301547739,"#A50F15"
"van owners",0.265673401131422,"#A50F15"
"record collectors",0.265470454916779,"#A50F15"
"home tech enthusiasts- printers and scanners",0.265132719070134,"#A50F15"
"needing business advice- business education",0.264971133169714,"#A50F15"
"scouting members",0.264853817947916,"#A50F15"
"constantly occupied",0.264737186369194,"#A50F15"
"shuffleboard players",0.264442624919116,"#A50F15"
"home movers- in the process of moving",0.264367686828343,"#A50F15"
"5* hotel luxury",0.264240390400809,"#A50F15"
"curling enthusiasts",0.264057929666467,"#A50F15"
"billiards players",0.263232153276314,"#A50F15"
"chrysler fans",0.262516100550953,"#A50F15"
"vpn users",0.262216443658987,"#A50F15"
"home renovators- remodelling",0.261844775405209,"#A50F15"
"sailing enthusiasts",0.261710025217421,"#A50F15"
"polo ralph lauren fans",0.261650438045084,"#A50F15"
"in need of help- pest control",0.261225827066144,"#A50F15"
"news junkies- international news stories",0.26107174259887,"#A50F15"
"business service experts",0.261038232936859,"#A50F15"
"health concerned- sexual conditions",0.260988630078446,"#A50F15"
"talk radio enthusiasts",0.260974803019522,"#A50F15"
"talk radio enthusiasts",0.260974803019522,"#A50F15"
"archaeology buffs",0.260195091822248,"#A50F15"
"scuba diving enthusiasts",0.259795141524164,"#A50F15"
"reviewing outgoings- internet service providers",0.259788229988845,"#A50F15"
"policy makers & researchers",0.259242680455005,"#A50F15"
"sme leaders",0.258766112546693,"#A50F15"
"health concerned- pharmaceutical drugs",0.258655551847552,"#A50F15"
"lottery players",0.257240894557318,"#A50F15"
"art collectors",0.257125618709384,"#B2182B"
"domestic holidayers",0.256882051275267,"#B2182B"
"longines fans",0.256079046637006,"#B2182B"
"orienteering experts",0.255733914276106,"#B2182B"
"software experts- email",0.255570010412246,"#B2182B"
"health concerned- cancer",0.255043955937962,"#B2182B"
"investment enthusiasts- forex",0.254999011284698,"#B2182B"
"wood carving artists",0.25430772241058,"#B2182B"
"large pet owners",0.254045549094616,"#B2182B"
"artistic engravers",0.253717606155963,"#B2182B"
"active day trippers",0.252875351188883,"#B2182B"
"health concerned- sexual health",0.252615760508455,"#B2182B"
"table tennis enthusiasts",0.252299849068915,"#B2182B"
"high end cruises",0.252246124394744,"#B2182B"
"health concerned- lung and respiratory health",0.252120602777857,"#B2182B"
"health concerned- injuries",0.251462798048289,"#B2182B"
"lexus fans",0.250799169827257,"#B2182B"
"audemars piguet fans",0.250497557433477,"#B2182B"
"bridge players",0.250410219790854,"#B2182B"
"luxury bath & body product prioritisers",0.250157611315877,"#B2182B"
"jaeger-le coultre fans",0.250129855627464,"#B2182B"
"omega fans",0.250129855627464,"#B2182B"
"investment enthusiasts- commodities",0.249801100219766,"#B2182B"
"business decision makers- network & enterprise security",0.249622102202171,"#B2182B"
"math lovers",0.249504613809932,"#B2182B"
"health concerned- brain and nervous system disorders",0.249176666643444,"#B2182B"
"new car buyers",0.248578648748406,"#B2182B"
"darts players",0.248522849584961,"#B2182B"
"revenue generators",0.248297865795531,"#B2182B"
"luxury skin care product prioritisers",0.247801190872578,"#B2182B"
"cinema goers & film lovers- dvds and videos",0.247512843150755,"#B2182B"
"maserati fans",0.247504335415171,"#B2182B"
"puzzle hobbyists- memory training",0.246964114485398,"#B2182B"
"trade fair businessmen",0.246929582192276,"#B2182B"
"loro piana fans",0.246924963255601,"#B2182B"
"crime film fans",0.246465165706133,"#B2182B"
"savvy savers",0.24634772897483,"#B2182B"
"cartier fans",0.246176085275345,"#B2182B"
"luxury shoppers",0.246045987145742,"#B2182B"
"metalwork masters",0.245437079780974,"#B2182B"
"patek philippe fans",0.245261626281851,"#B2182B"
"healthy living- smoking cessation",0.245046024407716,"#B2182B"
"on the pulse- logistics and transportation industry",0.245035749326973,"#B2182B"
"ai experts",0.24448539601511,"#B2182B"
"camper van fans",0.244436479094912,"#B2182B"
"on the pulse- civil engineering industry",0.244156897727728,"#B2182B"
"news junkies",0.243882194336519,"#B2182B"
"opinion leaders",0.243851759365411,"#B2182B"
"history buffs",0.243801572912807,"#B2182B"
"topiary enthusiasts",0.243211475581736,"#B2182B"
"luxury glasses wearers",0.243032207196366,"#B2182B"
"job hunters- career change",0.242461355174474,"#B2182B"
"rugby world cup fans",0.242027488388019,"#B2182B"
"travel buffs",0.241335235343192,"#B2182B"
"public speakers",0.240973113670022,"#B2182B"
"fencing buffs",0.240810769377792,"#B2182B"
"sustainability champions",0.240379353840376,"#B2182B"
"legal experts",0.240314291785046,"#B2182B"
"executive car buyers",0.239982672660258,"#B2182B"
"social studies minds",0.239816549474812,"#B2182B"
"education science advocates",0.239743002971046,"#B2182B"
"skilled accountants",0.23929639044192,"#B2182B"
"sophisticated marketers",0.238691800291327,"#B2182B"
"fostering families",0.238652483591313,"#B2182B"
"cornhole players",0.238437394778305,"#B2182B"
"public radio supporters",0.238371920104057,"#B2182B"
"strategic planners",0.238187295816719,"#B2182B"
"consulting gurus",0.238098640170546,"#B2182B"
"cave explorers",0.23800832612492,"#B2182B"
"pickleball players",0.237998622117576,"#B2182B"
"education enthusiasts",0.237780665917298,"#B2182B"
"photography fans- camera tech",0.237759090239524,"#B2182B"
"ford fans",0.23734687625049,"#B2182B"
"wine tasting connoisseurs",0.23717997773804,"#B2182B"
"performance & luxury vehicle enthusiasts",0.237050306596521,"#B2182B"
"nfl fans",0.235668055833826,"#C41E1E"
"ambitious individuals",0.235625241947619,"#C41E1E"
"audi fans",0.235322553428687,"#C41E1E"
"cycling fans",0.235093027439184,"#C41E1E"
"spy fiction readers",0.234913172735259,"#C41E1E"
"on the shopping list- biscuit",0.23480281187452,"#505066"
"dental care prioritisers",0.234571301249633,"#C41E1E"
"outdoor adventurers- campers",0.234522869589792,"#C41E1E"
"book collectors",0.234134256025021,"#C41E1E"
"home movers- settling in",0.234107897614464,"#C41E1E"
"gardening fans",0.234012220143638,"#C41E1E"
"healthy living- nutrition",0.233812767725155,"#C41E1E"
"historical attraction fans",0.233742650348502,"#C41E1E"
"beekeepers",0.232596677134372,"#C41E1E"
"powerboat racing fans",0.23236647112382,"#C41E1E"
"news junkies- national news stories",0.232315467297357,"#C41E1E"
"puzzle hobbyists- crossword puzzles",0.232314644214298,"#C41E1E"
"mycology enthusiasts",0.232274658723923,"#C41E1E"
"on the pulse- retail industry",0.232188519099377,"#C41E1E"
"needing business advice- management consulting",0.232003427083532,"#C41E1E"
"disputes resolution experts",0.23170283819641,"#C41E1E"
"anniversary celebrators",0.230574953591971,"#C41E1E"
"puzzle hobbyists- sudoku",0.230401258935227,"#C41E1E"
"environmental advocates",0.230319005255711,"#C41E1E"
"business news radio audience",0.229650799630018,"#C41E1E"
"business news radio audience",0.229650799630018,"#C41E1E"
"software experts",0.228666399644442,"#C41E1E"
"dominoes players",0.228595026588242,"#C41E1E"
"on the pulse- food industry",0.228266167958438,"#C41E1E"
"renaissance fair fans",0.228146970622417,"#C41E1E"
"swashbuckler readers",0.22797266280107,"#C41E1E"
"diesel car buyers",0.227641611694416,"#C41E1E"
"treasure hunters",0.227273833997366,"#C41E1E"
"hands-on diyers",0.227256655077909,"#C41E1E"
"backgammon players",0.227205328469524,"#C41E1E"
"software experts- databases",0.22703694920885,"#C41E1E"
"bmw fans",0.226896438724474,"#C41E1E"
"ralph lauren fans",0.226763712972406,"#C41E1E"
"religious sceptics",0.226707211418441,"#C41E1E"
"horse owners",0.226351810352219,"#C41E1E"
"medical science scholars",0.226162743487337,"#C41E1E"
"event organizers",0.226066452678415,"#C41E1E"
"bvlgari fans",0.225856079467022,"#C41E1E"
"rugby fans",0.225706361540722,"#C41E1E"
"video producers",0.225588010698696,"#C41E1E"
"news junkies- weather stories",0.22550573168104,"#C41E1E"
"game show fans",0.224988132330727,"#C41E1E"
"leather artisans",0.224707552342271,"#C41E1E"
"essay readers",0.22467265167533,"#C41E1E"
"lifelong learners",0.224433611845479,"#C41E1E"
"lifelong learners",0.224433611845479,"#C41E1E"
"documentary fans",0.224350131897681,"#C41E1E"
"documentary fans",0.224350131897681,"#C41E1E"
"documentary fans",0.224350131897681,"#C41E1E"
"documentary fans",0.224350131897681,"#C41E1E"
"documentary fans",0.224350131897681,"#C41E1E"
"documentary fans",0.224350131897681,"#C41E1E"
"science and nature show fans",0.224227308809168,"#C41E1E"
"science and nature show fans",0.224227308809168,"#C41E1E"
"science and nature show fans",0.224227308809168,"#C41E1E"
"science and nature show fans",0.224227308809168,"#C41E1E"
"fungi study devotees",0.223510591733334,"#C41E1E"
"investment & equity experts",0.223445075940516,"#C41E1E"
"business leaders",0.223334209501459,"#C41E1E"
"on the shopping list- spirits",0.223173870794549,"#505066"
"moynat fans",0.223168633726851,"#C41E1E"
"land rover fans",0.222791116024134,"#C41E1E"
"reporting pros",0.22276415932079,"#C41E1E"
"in need of help- locksmith services",0.222404602787871,"#C41E1E"
"life science enthusiasts",0.222045293443554,"#C41E1E"
"business decision makers- cdps",0.221923688662334,"#C41E1E"
"hands on home renovators- electrics",0.221892374654003,"#C41E1E"
"pursuing personal development- mindfulness",0.221562443702803,"#C41E1E"
"safety-first drivers",0.221319808523679,"#C41E1E"
"equestrian enthusiasts",0.220854368058511,"#C41E1E"
"in need of help- plumbing services",0.220174650464173,"#D73027"
"electric & hybrid cars",0.220112537941181,"#D73027"
"hugo boss fans",0.219700413479434,"#D73027"
"on the pulse- media industry",0.219602947640491,"#D73027"
"change managers",0.219028980603405,"#D73027"
"app obsessed",0.218843459659846,"#D73027"
"canoeing enthusiasts",0.218586242608433,"#D73027"
"pet dog owners",0.218346397618022,"#D73027"
"british cuisine fans",0.218297940090984,"#505066"
"family time focussed",0.217057020496728,"#D73027"
"bonsai tree growers",0.216680591992533,"#D73027"
"reviewing outgoings- gas and electric",0.216644042925027,"#D73027"
"aspiring inventors",0.216508555078225,"#D73027"
"mini fans",0.216496286804521,"#D73027"
"health concerned- dental health",0.216440986450608,"#D73027"
"home movers- researching",0.216433056249431,"#D73027"
"online gamblers",0.21642716972494,"#D73027"
"lincoln fans",0.216302206959057,"#D73027"
"fitness fans- physical exercise",0.215899511489181,"#D73027"
"outsourcing specialists",0.215311489885054,"#D73027"
"home design fans- fireplaces",0.21495105297937,"#D73027"
"hypochondriacs",0.214603220678751,"#D73027"
"facilities managers",0.214544147449778,"#D73027"
"google fans",0.214123396720443,"#D73027"
"bedroom upgraders- mattresses",0.21352595048338,"#D73027"
"weather enthusiasts",0.213084266210191,"#D73027"
"patou fans",0.212858759838231,"#D73027"
"on the pulse- defence industry",0.212733582254662,"#D73027"
"history book readers",0.21243012125974,"#D73027"
"tennis polo fans",0.212178209770416,"#D73027"
"comfortable retirement",0.211889405236379,"#D73027"
"news junkies- sports stories",0.211728652555718,"#D73027"
"water sports lovers",0.211543175709373,"#D73027"
"environmental service workers",0.211333896621458,"#D73027"
"home upgraders- vacuums",0.211050248348401,"#D73027"
"health concerned- diabetes",0.210762757186992,"#D73027"
"project management pros",0.210588924162655,"#D73027"
"photography fans",0.210588759179564,"#D73027"
"daily newspaper readers",0.210397250735542,"#D73027"
"chemistry enthusiasts",0.210129864019062,"#D73027"
"ireland interested",0.209843141761818,"#D73027"
"volunteer heroes",0.209833493262499,"#D73027"
"birdwatching buffs",0.209776139798931,"#D73027"
"home and garden show fans",0.209657641449022,"#D73027"
"mystery film fans",0.209604455463581,"#D73027"
"rugby league fans",0.209402020268114,"#D73027"
"superlux locations",0.209292097448639,"#D73027"
"switzerland interested",0.209175603047722,"#D73027"
"apple fans",0.20905063798044,"#D73027"
"health concerned- infectious diseases",0.208803384796459,"#D73027"
"word game players",0.208689464539738,"#D73027"
"healthy living- herbs and supplements",0.208687616457247,"#D73027"
"salvatore ferragamo fans",0.208435437585646,"#D73027"
"hotel comfort",0.208330000486018,"#D73027"
"reference readers",0.208043093510211,"#D73027"
"survival skills practitioners",0.207996280234394,"#D73027"
"bottega veneta fans",0.207894934796913,"#D73027"
"smart home enthusiasts",0.207883077286244,"#D73027"
"checkers players",0.207831490622613,"#D73027"
"quilling queens & kings",0.20780059557865,"#D73027"
"political advocates & organizers",0.207517871125425,"#D73027"
"crime/detective readers",0.207423967852257,"#D73027"
"experience seeker - online casinos & gambling",0.207192089925295,"#D73027"
"rockhounding fans",0.207023100532767,"#D73027"
"it decision makers",0.206693727800846,"#D73027"
"adventure travellers",0.206538707337801,"#D73027"
"adventure travellers",0.206538707337801,"#D73027"
"adventure travellers",0.206538707337801,"#D73027"
"power 5 conferences fans",0.206408857155328,"#D73027"
"station wagon owners",0.20599691200343,"#D73027"
"religious devotees- sikhism",0.205906513314215,"#D73027"
"mazda fans",0.205716124911594,"#D73027"
"religious devotees- judaism",0.205566451563596,"#D73027"
"mini golf lovers",0.205387643898422,"#D73027"
"bowling players",0.204882428502504,"#D73027"
"software experts- cloud computing",0.204588960102388,"#E6550D"
"summer olympics fans",0.203958823874779,"#E6550D"
"hands on home renovators- plumbing",0.20373294296944,"#E6550D"
"miniature art fans",0.203711249411793,"#E6550D"
"home movers- buying a new home",0.203634641617697,"#E6550D"
"cat owners",0.203508096302788,"#E6550D"
"career guidance seekers",0.203496456396041,"#E6550D"
"porsche fans",0.20349524978694,"#E6550D"
"car fixers & upgraders- electrics",0.203404721450147,"#E6550D"
"rodeo devotees",0.203271075608363,"#E6550D"
"logistical business planners",0.203149892267537,"#E6550D"
"garden living enthusiasts- landscaping",0.20310350347396,"#E6550D"
"english proficiency",0.202971363002474,"#E6550D"
"software experts- collaboration & conferencing tools",0.202833560394992,"#E6550D"
"mystery readers",0.202605890775254,"#E6550D"
"on the pulse- education industry",0.20239452433037,"#E6550D"
"pet bird owners",0.202240361334161,"#E6550D"
"snowshoeing enthusiasts",0.202218714859655,"#E6550D"
"bicycle upgraders",0.201966656640309,"#E6550D"
"puzzle hobbyists- word games",0.201929516147854,"#E6550D"
"fiat fans",0.201893906172936,"#E6550D"
"pet owners- in need of a vet",0.20182963610997,"#E6550D"
"bus travellers",0.201725348120972,"#E6550D"
"gmc fans",0.201703383560452,"#E6550D"
"prada fans",0.201589950901907,"#E6550D"
"science fiction readers",0.201582954899037,"#E6550D"
"afl fans",0.201436785616682,"#E6550D"
"media & communication buffs",0.201363499791834,"#E6550D"
"crime and mystery film fans",0.200202222596983,"#E6550D"
"puppetry artists",0.199975805096721,"#E6550D"
"health concerned- medical tests",0.199716092784482,"#E6550D"
"train enthusiasts",0.199707472721424,"#E6550D"
"home design fans- painting services",0.199421737995292,"#E6550D"
"health concerned- eye and vision conditions",0.199394622546394,"#E6550D"
"educational radio listeners",0.198923683293106,"#E6550D"
"crime & detective show fans",0.198781797734825,"#E6550D"
"crime & detective show fans",0.198781797734825,"#E6550D"
"crime & detective show fans",0.198781797734825,"#E6550D"
"crime & detective show fans",0.198781797734825,"#E6550D"
"crime & detective show fans",0.198781797734825,"#E6550D"
"crime & detective show fans",0.198781797734825,"#E6550D"
"green business leaders",0.198743534424303,"#E6550D"
"photography fans- photo software",0.19837001723127,"#E6550D"
"suv owners",0.198147270801632,"#E6550D"
"business movers",0.197809129553998,"#E6550D"
"swimming devotees",0.197734979561875,"#E6550D"
"hyundai fans",0.196939290787593,"#E6550D"
"simulation gamers",0.196442812673468,"#505066"
"health concerned- blood disorders",0.196398462418711,"#E6550D"
"business decision makers- helpdesk & customer support solutions",0.196319606675913,"#E6550D"
"armani fans",0.195507360842099,"#E6550D"
"giorgio armani fans",0.195507360842099,"#E6550D"
"healthy living- wellness",0.195480824344776,"#E6550D"
"family history buffs",0.195437594967013,"#E6550D"
"experience seeker - sports events",0.195425641055195,"#E6550D"
"homebrewing experts",0.195188889042364,"#E6550D"
"excel gurus",0.194872756247139,"#E6550D"
"mahjong players",0.194715543055662,"#E6550D"
"safety & public welfare officers",0.194444819606109,"#E6550D"
"pharma industry professionals",0.194357178103806,"#E6550D"
"news junkies- war and conflicts stories",0.194056438294509,"#E6550D"
"volkswagen fans",0.193831920452557,"#E6550D"
"ncaa baseball fans",0.193561384825386,"#E6550D"
"kite flying enthusiasts",0.193456471559526,"#E6550D"
"future executives & managers",0.193367456888928,"#E6550D"
"exhibition attendees",0.193228219772178,"#E6550D"
"malta interested",0.19319837208041,"#E6550D"
"airline employees",0.193049077249201,"#E6550D"
"on the shopping list- organic food",0.192553943254512,"#505066"
"racquetball players",0.192493064216007,"#E6550D"
"on the shopping list- distilled beverages",0.192456275489009,"#505066"
"green energy advocates",0.192291298534957,"#E6550D"
"experience seeker - plays",0.191777067219113,"#E6550D"
"experience seeker - plays",0.191777067219113,"#E6550D"
"denmark interested",0.191614998208711,"#E6550D"
"whale watching enthusiasts",0.191369035554427,"#FF5E00"
"brand search sophisticates- seo",0.191340778831352,"#FF5E00"
"big 10 fans",0.191266928826811,"#FF5E00"
"aussie rules loyalists",0.190807581710856,"#FF5E00"
"news/talk radio audience",0.190473321813548,"#FF5E00"
"news/talk radio audience",0.190473321813548,"#FF5E00"
"seat fans",0.190388177407331,"#FF5E00"
"young upwardly mobile",0.1903737985083,"#FF5E00"
"fitness fans- heart rate monitors",0.19021392473587,"#FF5E00"
"health concerned- first aid",0.190007595627377,"#FF5E00"
"active historians",0.189907653466803,"#FF5E00"
"art aficionados- learning more",0.189886451943803,"#FF5E00"
"documentary film fans",0.189430608513254,"#FF5E00"
"vauxhall fans",0.188951601429766,"#FF5E00"
"philosophy thinkers",0.188886196373542,"#FF5E00"
"hands on home renovators",0.188878075683989,"#FF5E00"
"investment enthusiasts",0.188805698660951,"#FF5E00"
"supermarket regulars",0.188736106438954,"#FF5E00"
"healthy eaters",0.188626200687427,"#FF5E00"
"moncler fans",0.188369720367471,"#FF5E00"
"concept car buyers",0.188068377184771,"#FF5E00"
"australia interested",0.18792872961453,"#FF5E00"
"european championships (football) fans",0.187860156947908,"#FF5E00"
"juggling enthusiasts",0.18769694329194,"#FF5E00"
"canyoning adventurers",0.187553827828792,"#FF5E00"
"hermes (fashion) fans",0.187502559038389,"#FF5E00"
"faith-based show fans",0.187451457305397,"#FF5E00"
"faith-based show fans",0.187451457305397,"#FF5E00"
"chanel fans",0.187416055961841,"#FF5E00"
"cars and motoring show fans",0.187290267482147,"#FF5E00"
"winter olympics fans",0.187173276278709,"#FF5E00"
"gardening fans- planting & horticulture",0.187159796194716,"#FF5E00"
"couture fashion",0.186999573224769,"#FF5E00"
"creative thinkers",0.186941606427978,"#FF5E00"
"british show fans",0.186716206533658,"#FF5E00"
"british show fans",0.186716206533658,"#FF5E00"
"british show fans",0.186716206533658,"#FF5E00"
"coin collectors",0.18650908315323,"#FF5E00"
"gospel music fans",0.186274345750116,"#FF5E00"
"gospel music fans",0.186274345750116,"#FF5E00"
"cios and ctos",0.18625386698689,"#FF5E00"
"huawei fans",0.185896675534363,"#FF5E00"
"tiffany & co. fans",0.185871579479603,"#FF5E00"
"no fuss holiday fans",0.185385662552689,"#FF5E00"
"field hockey fans",0.185367804055158,"#FF5E00"
"soon to retire",0.185305767595056,"#FF5E00"
"luxury neighbourhoods",0.185215500396818,"#FF5E00"
"luxury fragrance product prioritisers",0.185184734175599,"#FF5E00"
"tv sports fans",0.185139389735837,"#FF5E00"
"tv sports fans",0.185139389735837,"#FF5E00"
"magazine addicts",0.18510895409428,"#FF5E00"
"gifting preppers - greeting cards",0.184860147019533,"#FF5E00"
"classic rock fans",0.184838948637143,"#FF5E00"
"classic rock fans",0.184838948637143,"#FF5E00"
"go players",0.184797509058438,"#FF5E00"
"religious devotees- christianity",0.184711253866914,"#FF5E00"
"photoshop artists",0.1845770493881,"#FF5E00"
"home comfort prioritisers- air conditioners",0.184573238103776,"#FF5E00"
"gardening fans- composting",0.184170820890511,"#FF5E00"
"pet owners",0.184094464258661,"#FF5E00"
"health concerned- bone and joint conditions",0.183729166897039,"#FF5E00"
"health and fitness show fans",0.18367452281593,"#FF5E00"
"health and fitness show fans",0.18367452281593,"#FF5E00"
"health and fitness show fans",0.18367452281593,"#FF5E00"
"health and fitness show fans",0.18367452281593,"#FF5E00"
"animal and nature lovers",0.183513752513504,"#FF5E00"
"business executives",0.183456240796748,"#FF5E00"
"pursuing personal development- meditation",0.183232802924077,"#FF5E00"
"coach fans",0.182976340217002,"#FF5E00"
"vinyl record collectors",0.182811895525623,"#FF5E00"
"pet dog owners- dog walking",0.182620555904373,"#FF5E00"
"card games players",0.182492054004153,"#FF5E00"
"business decision makers- it support",0.182230943235024,"#FF5E00"
"thriller show fans",0.18214640282014,"#FF5E00"
"thriller show fans",0.18214640282014,"#FF5E00"
"thriller show fans",0.18214640282014,"#FF771A"
"thriller show fans",0.18214640282014,"#FF771A"
"thriller show fans",0.18214640282014,"#FF771A"
"thriller show fans",0.18214640282014,"#FF771A"
"glassblowing gurus",0.181918322816096,"#FF771A"
"team builders",0.181578627455285,"#FF771A"
"taekwondo aficionados",0.181546547580524,"#FF771A"
"tv news fans",0.181511078100135,"#FF771A"
"tv news fans",0.181511078100135,"#FF771A"
"designer outlet shoppers",0.181266434582771,"#FF771A"
"art aficionados",0.181219190766834,"#FF771A"
"squash players",0.181167657409579,"#FF771A"
"health concerned- endocrine",0.180761448547499,"#FF771A"
"healthy living- physical therapy",0.180717734101231,"#FF771A"
"car tech fans- infotainment",0.180315216304477,"#FF771A"
"water polo devotees",0.180281521612508,"#FF771A"
"traditionalists",0.180227242853297,"#FF771A"
"puma fans",0.179580625188173,"#FF771A"
"winter sports fans",0.179479083467082,"#FF771A"
"biology buffs",0.179126491072025,"#FF771A"
"home design fans- carpet",0.179079800220522,"#FF771A"
"tesla fans",0.178940967057942,"#FF771A"
"duty-free shoppers",0.178936944271831,"#FF771A"
"brunello cucinelli fans",0.17891464484591,"#FF771A"
"nokia fans",0.178817940101077,"#FF771A"
"pursuing personal development- self improvement",0.178303587488769,"#FF771A"
"tennis lovers",0.178032443659177,"#FF771A"
"on the shopping list- tea",0.177851363806606,"#505066"
"gifting preppers - gift baskets",0.177746835994377,"#FF771A"
"ncaa football lovers",0.177505733899225,"#FF771A"
"mental health professionals",0.177488690925748,"#FF771A"
"home tech enthusiasts- hydroponics",0.17748761059472,"#FF771A"
"architects",0.177398550263856,"#FF771A"
"unique product prioritisers",0.177281434671923,"#FF771A"
"glasses wearers",0.177142743593102,"#FF771A"
"speed skating lovers",0.17700675363453,"#FF771A"
"risk takers",0.176907546780985,"#FF771A"
"family holidayers",0.176798966252372,"#FF771A"
"puzzle hobbyists- quizzes",0.17629108073534,"#FF771A"
"lenovo fans",0.176142187932595,"#FF771A"
"reading fans- e-books",0.175986703543404,"#FF771A"
"mobile enthusiasts- accessories",0.175832004184405,"#FF771A"
"nissan fans",0.175598041068194,"#FF771A"
"sled dog racing fans",0.175576228474417,"#FF771A"
"business decision makers- network equipment & virtualization",0.175421163519879,"#FF771A"
"market researchers",0.175367467000796,"#FF771A"
"home design fans- lights & fixtures",0.175352934941638,"#FF771A"
"home upgraders- microwaves",0.17521342902056,"#FF771A"
"gardening fans- flowers",0.175091374461418,"#FF771A"
"rimowa fans",0.174968174690512,"#FF771A"
"furniture builders",0.174940400540981,"#FF771A"
"on the pulse- mechanical and industrial engineering industry",0.174882797671089,"#FF771A"
"on the pulse- metals industry",0.174764947116156,"#FF771A"
"classical music fans",0.174661360458346,"#FF771A"
"classical music fans",0.174661360458346,"#FF771A"
"3d tech fans",0.174589227409845,"#FF771A"
"home design fans- home office",0.174303420905448,"#FF771A"
"europe interested",0.174108056036154,"#FF771A"
"south africa interested",0.173959089095408,"#FF771A"
"dedicated walkers",0.173958503832845,"#FF771A"
"sports fans",0.173745101193423,"#FF771A"
"true crime fans",0.173569681270521,"#FF771A"
"true crime fans",0.173569681270521,"#FF771A"
"true crime fans",0.173569681270521,"#FF771A"
"alfa romeo fans",0.173496427527106,"#FF771A"
"aircraft modelers",0.173446407742231,"#FF771A"
"gardening fans- houseplants",0.17339126626566,"#FF771A"
"home tech enthusiasts- speakers",0.173278996431365,"#FF771A"
"tech enthusiasts",0.173256361985617,"#FF771A"
"sport show fans",0.173123811677577,"#FF771A"
"healthy living- children's health",0.17291994612283,"#FF771A"
"infotainment readers",0.172679491243913,"#FF771A"
"board games players",0.172527858461641,"#FF771A"
"dieters- kombucha",0.172515806225659,"#FF771A"
"outdoor adventurers",0.1723527345972,"#FF771A"
"road trippers",0.172304143117385,"#FF8F33"
"luxury inspiration",0.172252136106546,"#FF8F33"
"outdoor adventurers- national parks",0.172015560414782,"#FF8F33"
"nations league fans",0.172000127047407,"#FF8F33"
"trail hikers",0.171993304131905,"#FF8F33"
"religious devotees- spirituality",0.171985295241692,"#FF8F33"
"home upgraders- dishwashers",0.171940869307706,"#FF8F33"
"reviewing outgoings- mobile phone service providers",0.171893016905683,"#FF8F33"
"business suppliers",0.171407196169496,"#FF8F33"
"business planners- industrial products",0.171376224026804,"#FF8F33"
"on the shopping list- beer",0.17114692303161,"#505066"
"fitness fans- cross trainers",0.171083096162054,"#FF8F33"
"fitness fans",0.171012971011897,"#FF8F33"
"china interested",0.17098895577857,"#FF8F33"
"oscar de la renta fans",0.170702640244902,"#FF8F33"
"dieters- food supplements",0.170696043059556,"#FF8F33"
"home comfort prioritisers- indoor environmental quality",0.170508091000395,"#FF8F33"
"religious devotees- buddhism",0.170389833844219,"#FF8F33"
"brand trialers",0.170215591365307,"#FF8F33"
"promotion strategists",0.170185818175512,"#FF8F33"
"bedroom upgraders- bedroom furniture",0.170078666664418,"#FF8F33"
"home upgraders- washers & dryers",0.170050931821711,"#FF8F33"
"independent spirits",0.169971251388834,"#FF8F33"
"human resources specialists",0.169939699938831,"#FF8F33"
"family show fans",0.169919614680168,"#FF8F33"
"family show fans",0.169919614680168,"#FF8F33"
"mountain climbing buffs",0.169893199844024,"#FF8F33"
"puzzle hobbyists- jigsaw puzzles",0.169684001047677,"#FF8F33"
"keen bbqers",0.169655775111204,"#FF8F33"
"fitness fans- jogging",0.169529157100412,"#FF8F33"
"fendi fans",0.169294173526541,"#FF8F33"
"on the pulse- publishing industry",0.169231646789143,"#FF8F33"
"dieters- paleo",0.169161800620988,"#FF8F33"
"home upgraders- cooking ranges & stoves",0.168994303495097,"#FF8F33"
"thom browne fans",0.168869777817473,"#FF8F33"
"butterfly observers",0.168697955880677,"#FF8F33"
"tai chi practitioners",0.168539856085917,"#FF8F33"
"pet owners- in need of supplies",0.168488510339773,"#FF8F33"
"helsinki interested",0.168443963697862,"#FF8F33"
"home-from-home holidayers",0.168406288999224,"#FF8F33"
"broadcasters",0.168400442820572,"#FF8F33"
"kia fans",0.168349617068701,"#FF8F33"
"historical fiction shows fans",0.168202447714178,"#FF8F33"
"historical fiction shows fans",0.168202447714178,"#FF8F33"
"historical fiction shows fans",0.168202447714178,"#FF8F33"
"historical fiction shows fans",0.168202447714178,"#FF8F33"
"historical fiction shows fans",0.168202447714178,"#FF8F33"
"historical fiction shows fans",0.168202447714178,"#FF8F33"
"performance car buyers",0.167974015730042,"#FF8F33"
"on the shopping list- bread",0.167921931933754,"#505066"
"education comes first- test preparation & tutoring",0.167850589192967,"#FF8F33"
"on the shopping list- bbq products",0.167707693629816,"#505066"
"special day preparation- flowers",0.167559207988861,"#FF8F33"
"satire readers",0.167545447576197,"#FF8F33"
"farmers- moving site",0.167439064616186,"#FF8F33"
"healthy living- alternative medicine",0.167381993238592,"#FF8F33"
"healthy living- holistic health",0.167381993238592,"#FF8F33"
"trainers & coaches",0.167306675436483,"#FF8F33"
"producers",0.16730133985252,"#FF8F33"
"fifa world cup fans",0.167110509421684,"#FF8F33"
"entrepreneurs- angel investment stage",0.167058746972474,"#FF8F33"
"community activists",0.166945914910514,"#FF8F33"
"home comfort prioritisers- air quality & defusers",0.166829469289289,"#FF8F33"
"software experts- browsers",0.166766186616629,"#FF8F33"
"snorkelling fans",0.166362044511486,"#FF8F33"
"on the shopping list- wine",0.166295711273708,"#505066"
"superhero fiction readers",0.166204837946839,"#FF8F33"
"dior fans",0.166042139739056,"#FF8F33"
"on the shopping list- seafood",0.166010124874959,"#505066"
"ermenegildo zegna fans",0.165917814146056,"#FF8F33"
"acura fans",0.165906560727231,"#FF8F33"
"valentino fans",0.165850770746925,"#FF8F33"
"software experts- crm solutions",0.165513798127436,"#FF8F33"
"birthday celebrators",0.165513763695257,"#FF8F33"
"rest and relaxation prioritisers- massage",0.16550716203806,"#FF8F33"
"jazzy sock fans",0.165479807214863,"#FFA74D"
"health concerned- infertility",0.165317329775285,"#FFA74D"
"a.p.c. fans",0.165175276668114,"#FFA74D"
"kitchen upgraders- refrigerator accessories",0.165136370444661,"#FFA74D"
"reviewing outgoings- cable & satellite tv providers",0.165119430267865,"#FFA74D"
"health concerned- sleep disorders",0.165009145662218,"#FFA74D"
"museum visitors",0.16474471887894,"#FFA74D"
"picnic lovers",0.164669399797997,"#FFA74D"
"sci-fi & fantasy show fans",0.164599041200801,"#FFA74D"
"sci-fi & fantasy show fans",0.164599041200801,"#FFA74D"
"sci-fi & fantasy show fans",0.164599041200801,"#FFA74D"
"sci-fi & fantasy show fans",0.164599041200801,"#FFA74D"
"sci-fi & fantasy show fans",0.164599041200801,"#FFA74D"
"sci-fi & fantasy show fans",0.164599041200801,"#FFA74D"
"pet cat owners",0.164329670777997,"#FFA74D"
"innovation leaders",0.164302863064549,"#FFA74D"
"chat show fans",0.164080380782945,"#FFA74D"
"chat show fans",0.164080380782945,"#FFA74D"
"child fashion",0.164009078771658,"#FFA74D"
"auto show enthusiasts",0.16393491755782,"#FFA74D"
"home design fans- ceiling light fixtures",0.163847428837568,"#FFA74D"
"tom ford fans",0.163830521635209,"#FFA74D"
"die-cast toy collectors",0.163813322937729,"#FFA74D"
"coffee connoisseurs- coffee maker & espresso machine accessories",0.163740847524059,"#FFA74D"
"kayaking devotees",0.163237643261574,"#FFA74D"
"modern blacksmiths",0.163210490208497,"#FFA74D"
"citroen fans",0.16307149453218,"#FFA74D"
"geography enthusiasts",0.163069762360026,"#FFA74D"
"religious devotees- hinduism",0.162810648352993,"#FFA74D"
"utility service providers",0.16270055148606,"#FFA74D"
"special day preparation- party planning",0.162621222091135,"#FFA74D"
"riyadh interested",0.162590876842238,"#FFA74D"
"high street fashionistas",0.162583468156179,"#FFA74D"
"plane enthusiasts",0.162129910572586,"#FFA74D"
"aspiring entrepreneurs- business creation",0.162063695756575,"#FFA74D"
"doctors and nurses",0.162061920311593,"#FFA74D"
"winter sports participants",0.162054426012999,"#FFA74D"
"nanotechnology experts",0.161833032622437,"#FFA74D"
"missoni fans",0.161629855379216,"#FFA74D"
"opera fans",0.161345188342671,"#FFA74D"
"gardening fans- herb keeping",0.161123096133925,"#FFA74D"
"handball buffs",0.161006119447437,"#FFA74D"
"radio tuners",0.160925318845494,"#FFA74D"
"product development experts",0.160708348053849,"#FFA74D"
"lacoste fans",0.160646986104133,"#FFA74D"
"unemployed professionals",0.160640668136551,"#FFA74D"
"ice hockey fans",0.160582878658289,"#FFA74D"
"graphic design fans",0.16058125264709,"#FFA74D"
"cadillac fans",0.160521876857426,"#FFA74D"
"nike fans",0.160274446662272,"#FFA74D"
"on the pulse- technology industry",0.160194453631842,"#FFA74D"
"beer tasting aficionados",0.160183669761862,"#FFA74D"
"laser cutting innovators",0.160183638159008,"#FFA74D"
"career consulting enthusiasts",0.160054225577548,"#FFA74D"
"program managers",0.159878380896063,"#FFA74D"
"buick fans",0.159708883757096,"#FFA74D"
"socialisers- home entertaining",0.159676023459996,"#FFA74D"
"cruises interested",0.159195176710513,"#FFA74D"
"london interested",0.158995124092237,"#FFA74D"
"subaru fans",0.158861403301201,"#FFA74D"
"rock climbing buffs",0.158712965272965,"#FFA74D"
"on the shopping list- cheese & cheesemaking",0.158634299547625,"#505066"
"kenya interested",0.158161953127689,"#FFA74D"
"film collectors",0.158093129700141,"#FFA74D"
"screenwriters",0.158004666371045,"#FFA74D"
"dating",0.157903967425469,"#FFA74D"
"it specialists",0.157662173913225,"#FFA74D"
"bedroom upgraders- beds & bed frames",0.157650349385233,"#FFA74D"
"premier league fans",0.157581118383792,"#FFA74D"
"news junkies- local news stories",0.157355129066818,"#FFA74D"
"cavalli fans",0.15716524334061,"#FFA74D"
"psychology minds",0.157156909529438,"#FFA74D"
"health concerned- foot health",0.157094085402653,"#FFA74D"
"thailand interested",0.157085450903648,"#FFA74D"
"romania interested",0.156951005672548,"#FFA74D"
"toyota fans",0.156851825055805,"#FFBE66"
"business decision makers- network storage",0.156829600830981,"#FFBE66"
"rest and relaxation prioritisers",0.156801227384442,"#FFBE66"
"sci-fi film fans",0.156796876088656,"#FFBE66"
"on the pulse- automotive industry",0.156752023092004,"#FFBE66"
"gucci fans",0.156689654989087,"#FFBE66"
"experience seeker - diners",0.156559289602438,"#FFBE66"
"computer investors",0.15645712289938,"#FFBE66"
"fitness fans- gyms & athletic clubs",0.156448218465636,"#FFBE66"
"croquet players",0.156296101976177,"#FFBE66"
"soft rock listeners",0.156246609716827,"#FFBE66"
"soft rock listeners",0.156246609716827,"#FFBE66"
"sales experts",0.156065088539296,"#FFBE66"
"religious service workers",0.15597282701898,"#FFBE66"
"scion fans",0.155949742403464,"#FFBE66"
"sports science enthusiasts",0.155798732767027,"#FFBE66"
"renault fans",0.155733135328265,"#FFBE66"
"pac 12 fans",0.155635942274152,"#FFBE66"
"health concerned- endocrine and metabolic diseases",0.155595616131681,"#FFBE66"
"safari interested",0.155423786314168,"#FFBE66"
"jil sander fans",0.15528415516923,"#FFBE66"
"sports memorabilia collectors",0.155215347513577,"#FFBE66"
"nascar fans",0.155013921109261,"#FFBE66"
"tv sitcom fans",0.154636853720221,"#FFBE66"
"tv sitcom fans",0.154636853720221,"#FFBE66"
"tv sitcom fans",0.154636853720221,"#FFBE66"
"on the shopping list- juice",0.154594381706901,"#505066"
"transport & logistics professionals",0.154494642548827,"#FFBE66"
"garden living enthusiasts- decorating",0.154323226672546,"#FFBE66"
"malaysia interested",0.154048688382686,"#FFBE66"
"home design fans- wall light fixtures",0.154028657431407,"#FFBE66"
"health science buffs",0.153679340555269,"#FFBE66"
"sports radio fans",0.153555129029638,"#FFBE66"
"sports radio fans",0.153555129029638,"#FFBE66"
"web design aficionados- site development",0.153238950565429,"#FFBE66"
"soccer fans",0.153069799620985,"#FFBE66"
"progressive parents",0.152969583425642,"#FFBE66"
"communication experts",0.152952604771678,"#FFBE66"
"ray-ban fans",0.152927211909933,"#FFBE66"
"sculpting fans",0.152804094574401,"#FFBE66"
"luxury business dressers- male",0.152756327979437,"#FFBE66"
"pet fish owners",0.152723883236193,"#FFBE66"
"personal publishers",0.152696388587699,"#FFBE66"
"lacrosse fans",0.15248251309857,"#FFBE66"
"epic readers",0.152430652320541,"#FFBE66"
"home upgraders- freezers",0.152275185951452,"#FFBE66"
"st. petersburg interested",0.152242943717052,"#FFBE66"
"chow tai fook fans",0.152111110155536,"#FFBE66"
"snooker/pool/billiards players",0.151521087654617,"#FFBE66"
"style minded- luggage",0.151484128418702,"#FFBE66"
"crypto curious",0.1512101352037,"#FFBE66"
"american cuisine fans",0.151138138335468,"#505066"
"eredivise fans",0.151112355658606,"#FFBE66"
"infiniti fans",0.151103579402119,"#FFBE66"
"foodies",0.151056026412285,"#FFBE66"
"animal rights campaigners",0.151027208988363,"#FFBE66"
"christian dior fans",0.150947399762778,"#FFBE66"
"drama film fans",0.15093164037382,"#FFBE66"
"cricket fans",0.150562205848729,"#FFBE66"
"home upgraders- refrigerators",0.150471116234674,"#FFBE66"
"burberry fans",0.150401524509704,"#FFBE66"
"under armour fans",0.150348347011503,"#FFBE66"
"ex-pats",0.150319413326316,"#FFBE66"
"american football fans",0.150237706294556,"#FFBE66"
"designer clothing fans",0.150224533125507,"#FFBE66"
"paragliding daredevils",0.150174304912432,"#FFBE66"
"debaters",0.150058357286299,"#FFBE66"
"life guidance seekers",0.149930111077527,"#FFBE66"
"soccer fans- attendees",0.149790274631051,"#FFBE66"
"health concerned- ear, nose and throat conditions",0.149686830900916,"#FFBE66"
"home upgraders- other kitchen appliance accessories",0.149529682810329,"#FFBE66"
"health concerned- mental health",0.148942320718135,"#FFBE66"
"home design fans- storage & shelving",0.148794775361932,"#FFBE66"
"software experts- domain registration",0.14867847102796,"#FFBE66"
"truck & suv enthusiasts",0.148588333759025,"#FFBE66"
"experience seeker - zoos",0.148586887658768,"#FFD480"
"alexander mcqueen fans",0.148062017784958,"#FFD480"
"charity workers",0.148014292819058,"#FFD480"
"volleyball lovers",0.147734592365036,"#FFD480"
"suspense fans",0.147481382678356,"#FFD480"
"thriller film fans",0.147481382678356,"#FFD480"
"health concerned- vaccines",0.147031279428361,"#FFD480"
"paco rabanne fans",0.1469998178839,"#FFD480"
"office suite masters",0.146897863933373,"#FFD480"
"the uk interested",0.146771856663883,"#FFD480"
"distance travellers",0.146759910741071,"#FFD480"
"humor readers",0.146658017225809,"#FFD480"
"car restoration enthusiasts",0.146634277460394,"#FFD480"
"bundesliga fans",0.146523089294063,"#FFD480"
"on the shopping list- crackers",0.146367037218354,"#505066"
"german cuisine fans",0.146235193787787,"#505066"
"advertising experts",0.145832380699681,"#FFD480"
"lanvin fans",0.145492522428507,"#FFD480"
"music fans",0.145242551828254,"#FFD480"
"music fans",0.145242551828254,"#FFD480"
"adidas fans",0.144647460997832,"#FFD480"
"non-fiction readers",0.144507877883068,"#FFD480"
"fitness fans- powerlifting",0.144116910187318,"#FFD480"
"rafting adventurers",0.144091610309865,"#FFD480"
"home movers- moving into rental",0.144075454822812,"#FFD480"
"soap crafting artists",0.14396362758448,"#FFD480"
"fitness fans - protein & supplement users",0.143922830499604,"#FFD480"
"comedy fans",0.143851841233812,"#FFD480"
"comedy fans",0.143851841233812,"#FFD480"
"comedy fans",0.143851841233812,"#FFD480"
"comedy fans",0.143851841233812,"#FFD480"
"comedy fans",0.143851841233812,"#FFD480"
"comedy fans",0.143851841233812,"#FFD480"
"comedy fans",0.143851841233812,"#FFD480"
"givenchy fans",0.143729510119164,"#FFD480"
"painting fans",0.14347279694941,"#FFD480"
"soul music fans",0.143328906383391,"#FFD480"
"soul music fans",0.143328906383391,"#FFD480"
"pet owners- finding the right food",0.143260818917243,"#FFD480"
"on the pulse- entertainment industry",0.143226211800025,"#FFD480"
"beach volleyball fans",0.143039844483336,"#FFD480"
"crossover owners",0.142966002945198,"#FFD480"
"sports players- equipment",0.142801996213987,"#FFD480"
"world cinema fans",0.14274140900552,"#FFD480"
"jazz music fans",0.142665430043486,"#FFD480"
"jazz music fans",0.142665430043486,"#FFD480"
"vendor relations pros",0.142661052158365,"#FFD480"
"fishing fans- equipment",0.142655297860325,"#FFD480"
"special day preparation- fireworks",0.142592297037778,"#FFD480"
"inspiration hunters",0.14257640191139,"#FFD480"
"cricket world cup fans",0.142544496537694,"#FFD480"
"fitness fans- activity tracker",0.142313350614533,"#FFD480"
"on the shopping list- soft drinks",0.142251213119573,"#505066"
"goyard fans",0.142010725602218,"#FFD480"
"ncaa basketball devotees",0.141883994509416,"#FFD480"
"dieters- weight loss",0.141844481602792,"#FFD480"
"culturally curious",0.141784713317857,"#FFD480"
"on the shopping list- condiments & sauces",0.141707544119352,"#505066"
"potential pet adopters",0.141699531221549,"#FFD480"
"vintage car collectors",0.141535411202518,"#FFD480"
"cooking enthusiasts- breadmaking equipment",0.141492656366454,"#FFD480"
"education comes first - early childhood education",0.141474212602622,"#FFD480"
"motorcycle enthusiasts",0.141285900684513,"#FFD480"
"healthy living- reiki",0.141101180160395,"#FFD480"
"home design fans- office chairs",0.141003474304459,"#FFD480"
"tech enthusiasts- hard drives",0.140949776203756,"#FFD480"
"luxury formal dressers- male",0.14072871526779,"#FFD480"
"germany interested",0.140722189457147,"#FFD480"
"sport stacking enthusiasts",0.140542322338011,"#FFD480"
"luxury jewellery buyers- male",0.140473129689926,"#FFD480"
"nepal interested",0.140414872335963,"#FFD480"
"conference attendees",0.140216835689866,"#FFD480"
"home design fans- paint",0.140112775581816,"#FFD480"
"marketing strategists",0.140059193726464,"#FFD480"
"hong kong interested",0.139944958695381,"#FFD480"
"b&b holidayers",0.13971750579663,"#FFE999"
"aspiring composers",0.13969824000548,"#FFE999"
"impending travellers",0.139619812146074,"#FFE999"
"santiago interested",0.139608158175765,"#FFE999"
"special day preparation- photography",0.139601912517514,"#FFE999"
"home design fans- bedding",0.139596297822367,"#FFE999"
"amsterdam interested",0.13956323952472,"#FFE999"
"on the pulse- construction industry",0.139492530134998,"#FFE999"
"electronics buffs",0.139492054831612,"#FFE999"
"tech enthusiasts- consumer electronics",0.139492054831612,"#FFE999"
"crystal collectors",0.13930429259903,"#FFE999"
"on the pulse- telecommunications industry",0.139255681896536,"#FFE999"
"dolce & gabbana fans",0.139217257145527,"#FFE999"
"ted baker fans",0.139120133411445,"#FFE999"
"mitsubishi fans",0.138986368439516,"#FFE999"
"scooter buyers",0.138879214628096,"#FFE999"
"arts and culture show fans",0.138371922008234,"#FFE999"
"arts and culture show fans",0.138371922008234,"#FFE999"
"arts and culture show fans",0.138371922008234,"#FFE999"
"arts and culture show fans",0.138371922008234,"#FFE999"
"arts and culture show fans",0.138371922008234,"#FFE999"
"art and theatre fans",0.138099237777311,"#FFE999"
"health concerned- throat",0.137775289733029,"#FFE999"
"african cuisine fans",0.137727612602345,"#505066"
"college sports fans",0.137701967470656,"#FFE999"
"pressed flower enthusiasts",0.137678945026353,"#FFE999"
"sports car buyers",0.137669538185995,"#FFE999"
"the united arab emirates interested",0.137647370934182,"#FFE999"
"roller derby fans",0.137581780640638,"#FFE999"
"on the shopping list- cakes",0.137562816921097,"#505066"
"oldies music fans",0.1375391844301,"#FFE999"
"oldies music fans",0.1375391844301,"#FFE999"
"on the shopping list- tarts & sweet treats",0.137500468759096,"#505066"
"luxury casual dressers- male",0.137416772251609,"#FFE999"
"vietnam interested",0.137350038403493,"#FFE999"
"model rail collectors",0.137119130150807,"#FFE999"
"isuzu fans",0.1370879031569,"#FFE999"
"sweden interested",0.136946796388353,"#FFE999"
"upcycling innovators",0.13689351526583,"#FFE999"
"sales & marketing prospects",0.136806938184644,"#FFE999"
"company changers",0.136550306694972,"#FFE999"
"new zealand interested",0.136523038408515,"#FFE999"
"everyday bath & body product prioritisers",0.136456380538873,"#FFE999"
"yoga fans",0.13639258462809,"#FFE999"
"yoga fans",0.13639258462809,"#FFE999"
"pursuing personal development- textbooks",0.136336347734274,"#FFE999"
"jewellery makers",0.136263883721862,"#FFE999"
"badminton buffs",0.136188597368712,"#FFE999"
"the north face fans",0.136187592776005,"#FFE999"
"fitness fans- weight training",0.136187415765298,"#FFE999"
"fruit picking enthusiasts",0.13577599964078,"#FFE999"
"semiconductor specialists",0.135706937501195,"#FFE999"
"classic car buyers",0.13569000983351,"#FFE999"
"healthy living- male health",0.135600171108847,"#FFE999"
"holiday planners- online reviews",0.135589598179419,"#FFE999"
"israel interested",0.135526361901023,"#FFE999"
"art and photography books readers",0.135308630096743,"#FFE999"
"scandinavian cuisine fans",0.135190337191087,"#505066"
"food, drink and cooking show fans",0.134895625986106,"#FFE999"
"food, drink and cooking show fans",0.134895625986106,"#FFE999"
"food, drink and cooking show fans",0.134895625986106,"#FFE999"
"budget car buyers",0.134895284004887,"#FFE999"
"home design fans- feng shui",0.134796600263808,"#FFE999"
"off-road owners",0.134768490284355,"#FFE999"
"sedan owners",0.134625290499412,"#FFE999"
"baseball fans",0.134619851421509,"#FFE999"
"rock music fans",0.134428326281559,"#FFE999"
"rock music fans",0.134428326281559,"#FFE999"
"lego lovers",0.134381259651963,"#FFE999"
"health concerned- hormonal disorders",0.134367579598453,"#FFE999"
"doha interested",0.134326733438751,"#FFE999"
"chemical engineers",0.134159772920917,"#FFE999"
"dairy product suppliers",0.134157348639267,"#FFE999"
"on the shopping list- cookies",0.133948204113195,"#505066"
"home tech enthusiasts- televisions",0.133711557643391,"#FFE999"
"property redevelopers",0.133708023884736,"#FFFFB2"
"experience seeker - stand-up comedy shows",0.13351797994787,"#FFFFB2"
"home design fans- dining room furniture",0.133470303651956,"#FFFFB2"
"sledding fans",0.133457110083552,"#FFFFB2"
"celine fans",0.133450032910043,"#FFFFB2"
"thai cuisine fans",0.133399541582612,"#505066"
"recreation facility managers",0.133365301733781,"#FFFFB2"
"augmented reality interested",0.133363984261626,"#FFFFB2"
"new balance fans",0.133107385962239,"#FFFFB2"
"testing professionals",0.132817121805521,"#FFFFB2"
"book & media publishers",0.132773918476501,"#FFFFB2"
"shooting sport enthusiasts",0.132614731637852,"#FFFFB2"
"outdoor adventurers- parks",0.132570339972471,"#FFFFB2"
"on the shopping list- viennoiserie",0.132143967439414,"#505066"
"kabaddi enthusiasts",0.131961197220547,"#FFFFB2"
"home tech enthusiasts- home entertainment systems",0.131929522980892,"#FFFFB2"
"tech enthusiasts- gps devices",0.131922269975092,"#FFFFB2"
"tech enthusiasts- desktops",0.131905347706514,"#FFFFB2"
"fila fans",0.131838670772327,"#FFFFB2"
"tragicomedy readers",0.131813467712528,"#FFFFB2"
"floral design aficionados",0.131564088555261,"#FFFFB2"
"on the shopping list- crisps",0.131493035830334,"#505066"
"office specialists",0.131365683729333,"#FFFFB2"
"car design fixers & upgraders- car parts",0.131284119897642,"#FFFFB2"
"singapore interested",0.131234696283769,"#FFFFB2"
"russian/eastern european cuisine fans",0.131221114194727,"#505066"
"cinema goers & film lovers- cinema visitors",0.131191137453298,"#FFFFB2"
"jeans wearers",0.130997561599067,"#FFFFB2"
"experience seeker - theatre & musical shows",0.130814080173347,"#FFFFB2"
"fitness fans- weightlifting",0.130811156245682,"#FFFFB2"
"croatia interested",0.130790825691153,"#FFFFB2"
"health concerned- cold and flu",0.130742993840232,"#FFFFB2"
"drama fans",0.130733115778475,"#FFFFB2"
"drama fans",0.130733115778475,"#FFFFB2"
"consumer services suppliers",0.130685401760661,"#FFFFB2"
"comedy film fans",0.130472084698114,"#FFFFB2"
"mls fans",0.130461756853891,"#FFFFB2"
"folk music fans",0.130405491190083,"#FFFFB2"
"folk music fans",0.130405491190083,"#FFFFB2"
"adventure gamers",0.130314893426878,"#505066"
"balenciaga fans",0.130238694005097,"#FFFFB2"
"entrepreneurs- venture capital stage",0.130156697355823,"#FFFFB2"
"nippon baseball fans",0.130095803827736,"#FFFFB2"
"coupe owners",0.130080822994504,"#FFFFB2"
"social media enthusiasts",0.129818478293341,"#FFFFB2"
"social media enthusiasts",0.129818478293341,"#FFFFB2"
"iro fans",0.129751463439779,"#FFFFB2"
"pet reptile owners",0.129698043251353,"#FFFFB2"
"restaurant enthusiasts",0.129667617362075,"#505066"
"holiday planners- travel books",0.129660873515989,"#FFFFB2"
"book club members",0.129644831435692,"#FFFFB2"
"surfing devotees",0.129577175639919,"#FFFFB2"
"italian cuisine fans",0.129540059683558,"#505066"
"origami artists",0.129473116399349,"#FFFFB2"
"physics buffs",0.129430455988701,"#FFFFB2"
"blues music fans",0.129135686375478,"#FFFFB2"
"fitness fans- running",0.129068838549641,"#FFFFB2"
"snackers",0.128764351315885,"#505066"
"curators and museum staff",0.128680580652796,"#FFFFB2"
"tech enthusiasts- computer servers",0.128526132899517,"#FFFFB2"
"tv show fanatics",0.128247641515766,"#FFFFB2"
"europa league fans",0.128189512028375,"#FFFFB2"
"aspiring guitarists",0.128049957988599,"#FFFFB2"
"tech enthusiasts- power adapters & chargers",0.127913082352694,"#FFFFB2"
"cookbook readers",0.127748443127195,"#505066"
"weaving wizards",0.127746327353966,"#FFFFB2"
"chevrolet fans",0.12763963030477,"#FFFFB2"
"online learning suppliers",0.12731641505562,"#FFFFB2"
"cooking enthusiasts",0.127282933790099,"#FFFFB2"
"web design aficionados- software",0.126825630202618,"#FFFFB2"
"sports players",0.126805303515696,"#FFFFB2"
"style minded- sunglasses",0.1267702086499,"#FFFFB2"
"sri lanka interested",0.126491250101857,"#FFFFB2"
"home tech enthusiasts- stereo systems",0.126443442895424,"#FFFFB2"
"getting work ready - workwear",0.126337400951029,"#FFFFB2"
"literature & language lovers",0.126313908797143,"#FFFFB2"
"aspiring musicians",0.12620057766137,"#FFFFB2"
"getting work ready - signage",0.126169650143308,"#FFFFB2"
"new pet owners",0.125944923319171,"#FFFFB2"
"digital art fans",0.1259013671571,"#FFFFB2"
"livestreaming devotees",0.125893862962192,"#FFFFB2"
"home design fans- interior design",0.125889457556666,"#FFFFB2"
"tech enthusiasts- computer monitors",0.125866555342389,"#FFFFB2"
"horror readers",0.125794166511513,"#FFFFB2"
"civil engineers",0.125702811075726,"#FFFFB2"
"mobile enthusiasts",0.125503333095878,"#FFFFB2"
"banana republic fans",0.125471311718248,"#FFFFB2"
"cocktail mixologists",0.125269601752517,"#505066"
"yves saint laurent fans",0.125220569242748,"#FFFFB2"
"frisbee players",0.125037664455391,"#FFFFB2"
"facilities workers",0.124935155541735,"#FFFFB2"
"brussels interested",0.124856388596624,"#FFFFB2"
"swatch fans",0.124780054573584,"#FFFFB2"
"fitness fans- bodybuilding",0.124772586230155,"#FFFFB2"
"basketball fans- attendees",0.124475014191964,"#FFFFB2"
"ice skating enthusiasts",0.124461629850918,"#FFFFB2"
"windows experts",0.12443157087468,"#FFFFB2"
"wedding gift buyers",0.124398878289498,"#FFFFB2"
"skydiving daredevils",0.124300599822888,"#FFFFB2"
"puzzle gamers",0.124156323962662,"#505066"
"moschino fans",0.124002948769745,"#FFFFB2"
"christmas preppers",0.123879677555407,"#FFFFB2"
"ott show binge-watchers",0.12377445185427,"#FFFFB2"
"ott show binge-watchers",0.12377445185427,"#FFFFB2"
"ott show binge-watchers",0.12377445185427,"#FFFFB2"
"greek cuisine fans",0.123679908142636,"#505066"
"thrill seekers",0.123665313461961,"#FFFFB2"
"fitness fans- cardio",0.123587284122374,"#FFFFB2"
"table football players",0.123482927676112,"#FFFFB2"
"champions league fans",0.123208598598484,"#FFFFB2"
"home design fans- living room furniture",0.123006589500233,"#FFFFB2"
"vegans",0.12297224984167,"#505066"
"karting enthusiasts",0.122909110151562,"#FFFFB2"
"pet insect owners",0.122908995868298,"#FFFFB2"
"kuwait interested",0.122749381994237,"#FFFFB2"
"mythology readers",0.122682658143786,"#FFFFB2"
"kitchen upgraders- kitchen & bathroom cabinets",0.122522989603487,"#FFFFB2"
"suzuki fans",0.122471681568586,"#FFFFB2"
"canada interested",0.122439142834145,"#FFFFB2"
"newly engaged",0.122408940748283,"#FFFFB2"
"chinese cuisine fans",0.122154107841693,"#505066"
"religious devotees- islam",0.121837610878112,"#FFFFB2"
"on the shopping list- coffee",0.121737527147612,"#505066"
"folktale readers",0.121606265301042,"#FFFFB2"
"asics fans",0.121585880961401,"#FFFFB2"
"3d graphic designers",0.121461166817571,"#FFFFB2"
"realistic fiction readers",0.121453514908115,"#FFFFB2"
"foragers",0.121402203483535,"#FFFFB2"
"materials engineers",0.121327351984068,"#FFFFB2"
"cinema goers & film lovers",0.121276505111374,"#FFFFB2"
"plastics industry experts",0.12124263025673,"#FFFFB2"
"vauxhall-opel fans",0.120952931868844,"#FFFFB2"
"art fans",0.120836833055147,"#FFFFB2"
"research & policy analysts",0.120096769289409,"#FFFFB2"
"theological fiction readers",0.119920594626298,"#FFFFB2"
"tech enthusiasts- computer networking",0.119819403487828,"#FFFFB2"
"drawing fans",0.119813181797873,"#FFFFB2"
"us interested",0.119739193864811,"#FFFFB2"
"us interested",0.119739193864811,"#FFFFB2"
"brazil interested",0.119655655169822,"#FFFFB2"
"middle eastern cuisine fans",0.119646093452051,"#505066"
"compact car owners",0.119442187412421,"#FFFFB2"
"ceramic fans",0.119305683473299,"#FFFFB2"
"energy sector workers",0.119123313956526,"#FFFFB2"
"fable readers",0.119065445311142,"#FFFFB2"
"short story readers",0.119060873872706,"#FFFFB2"
"engineering pros",0.118874886644737,"#FFFFB2"
"microbiology buffs",0.118682064614978,"#FFFFB2"
"world music fans",0.118580212191662,"#FFFFB2"
"world music fans",0.118580212191662,"#FFFFB2"
"levis fans",0.118268697896379,"#FFFFB2"
"on the shopping list- pastry",0.118156346300294,"#505066"
"christian louboutin fans",0.118112598583257,"#FFFFB2"
"figure skating aficionados",0.117982910035465,"#FFFFB2"
"aspiring animators- software",0.117926274276545,"#FFFFB2"
"cooking enthusiasts- cookware & bakeware",0.117831351011896,"#505066"
"caffeine addicts",0.117691395607094,"#FFFFB2"
"baby & toddler entertainment",0.117673329841451,"#FFFFB2"
"baby & toddler entertainment",0.117673329841451,"#FFFFB2"
"sci-fi  movies",0.117590057024438,"#FFFFB2"
"hungary interested",0.117568348192655,"#FFFFB2"
"samsung fans",0.117509969582652,"#FFFFB2"
"panama interested",0.117493230849616,"#FFFFB2"
"on the shopping list- pizza",0.117445370884426,"#505066"
"mainstream glasses wearers",0.117318879039476,"#FFFFB2"
"performing arts fans",0.117235390927004,"#FFFFB2"
"indian cuisine fans",0.116815314518933,"#505066"
"jeep fans",0.116668845151786,"#FFFFB2"
"dieters- keto",0.116599233266515,"#FFFFB2"
"chefs and food producers",0.116064170516954,"#FFFFB2"
"defence & space workers",0.116012877397841,"#FFFFB2"
"uniqlo fans",0.115597415990465,"#FFFFB2"
"tech & science buffs",0.115446950409065,"#FFFFB2"
"euro 2020 fans",0.115436019152522,"#FFFFB2"
"convenience seekers",0.115401449379843,"#FFFFB2"
"convenience seekers",0.115401449379843,"#FFFFB2"
"recruitment specialists",0.115181061075743,"#FFFFB2"
"wholesale trade experts",0.115103098353269,"#FFFFB2"
"the kooples fans",0.115041586222733,"#FFFFB2"
"aspiring multi-linguists",0.114973234950086,"#FFFFB2"
"martial arts devotees",0.114917960675227,"#FFFFB2"
"youtube enthusiasts",0.114903249478013,"#FFFFB2"
"luxury accessory wearers- male",0.114901062719771,"#FFFFB2"
"garden living enthusiasts- furniture",0.114860666898477,"#FFFFB2"
"car performance upgraders- engines",0.114844782231063,"#FFFFB2"
"pickup truck owners",0.114824443796334,"#FFFFB2"
"public relations experts",0.114795128787902,"#FFFFB2"
"shopping centre enthusiasts",0.114557293280383,"#FFFFB2"
"fragrance fans",0.114483608651368,"#FFFFB2"
"marketers",0.114455910751155,"#FFFFB2"
"sony fans",0.114448005394984,"#FFFFB2"
"experience seeker - pubs and bars",0.114420958412465,"#FFFFB2"
"on the shopping list- chocolate",0.114366051917828,"#505066"
"iceland interested",0.114284863405557,"#FFFFB2"
"city breakers",0.11422633741813,"#FFFFB2"
"minivan owners",0.11420681065925,"#FFFFB2"
"home design fans- rugs & carpets",0.114083915336608,"#FFFFB2"
"judo practitioners",0.113986998024492,"#FFFFB2"
"fitness fans- fitness classes & personal training services",0.113899338651433,"#FFFFB2"
"fitness fans- jumping rope",0.113671628091887,"#FFFFB2"
"tech enthusiasts- computer peripherals",0.113606455516498,"#FFFFB2"
"fine art fans",0.113563240818928,"#FFFFB2"
"electrical manufacturers",0.113498389153629,"#FFFFB2"
"gymnastics admirers",0.113483863153518,"#FFFFB2"
"health concerned- skin and dermatology",0.113255523774977,"#FFFFB2"
"cole haan fans",0.113075680325094,"#FFFFB2"
"hatchback owners",0.11298239794673,"#FFFFB2"
"trend setters",0.112848160310116,"#FFFFB2"
"live event enthusiasts",0.112699071326944,"#FFFFB2"
"india interested",0.112582595868184,"#FFFFB2"
"tech enthusiasts- digital audio",0.11234963765385,"#FFFFB2"
"alexander wang fans",0.11211185101672,"#FFFFB2"
"indonesia interested",0.112086995269703,"#FFFFB2"
"patagonia fans",0.111962520199985,"#FFFFB2"
"jujitsu experts",0.111812301411397,"#FFFFB2"
"tehran interested",0.111637925473279,"#FFFFB2"
"it professionals",0.11152299669075,"#FFFFB2"
"holiday show fans",0.11131392935644,"#FFFFB2"
"cooking enthusiasts- mixer & blender accessories",0.111138488867393,"#FFFFB2"
"healthcare professionals",0.111061686276581,"#FFFFB2"
"car fixing & building enthusiasts",0.111059239285185,"#FFFFB2"
"microcar owners",0.111014821606676,"#FFFFB2"
"subscription box members",0.110830575141668,"#FFFFB2"
"street style",0.110506332496419,"#FFFFB2"
"unicycle riders",0.110432652885236,"#FFFFB2"
"trapshooting buffs",0.110203062501464,"#FFFFB2"
"horror film fans",0.110069895697574,"#FFFFB2"
"budget travellers",0.109794499283277,"#FFFFB2"
"pet rabbit owners",0.109780164132007,"#FFFFB2"
"the philippines interested",0.109513412004423,"#FFFFB2"
"poland interested",0.1094021534672,"#FFFFB2"
"dog owners",0.109352950552109,"#FFFFB2"
"food & beverages producers",0.109259770259658,"#FFFFB2"
"chess players",0.109205198910029,"#FFFFB2"
"swarovski fans",0.108944102106966,"#FFFFB2"
"office managers- office furniture",0.108878294716431,"#FFFFB2"
"crafts fans",0.108853465038065,"#FFFFB2"
"home tech enthusiasts- projectors",0.108829760071461,"#FFFFB2"
"biography readers",0.10846340172619,"#FFFFB2"
"louis vuitton fans",0.108438007581891,"#FFFFB2"
"home design fans- decorating",0.107905249334285,"#FFFFB2"
"wine & spirits industry workers",0.10788574561641,"#FFFFB2"
"extreme sports junkies",0.107798499394792,"#FFFFB2"
"planning experts",0.107675104708763,"#FFFFB2"
"cooking enthusiasts- recipe inspiration",0.107627764461863,"#505066"
"browser games players",0.10743012853624,"#505066"
"software experts- operating systems",0.107349790197453,"#FFFFB2"
"turkey interested",0.107246218121906,"#FFFFB2"
"vegetarians",0.107226754072205,"#505066"
"fantasy film fans",0.106912855415877,"#FFFFB2"
"balmain fans",0.106911779661996,"#FFFFB2"
"asia interested",0.106493402645871,"#FFFFB2"
"reading fans",0.106399748509382,"#FFFFB2"
"cinema goers & film lovers- film lovers",0.106338438147826,"#FFFFB2"
"emilio pucci fans",0.106153775591389,"#FFFFB2"
"action film fans",0.106116941972452,"#FFFFB2"
"ligue 1 fans",0.106085029869365,"#FFFFB2"
"designers",0.106070949604209,"#FFFFB2"
"fragrance collectors",0.106055687761836,"#FFFFB2"
"casual restaurant fans",0.105975517814461,"#505066"
"elegant calligraphers",0.105864643574201,"#FFFFB2"
"style minded- eyeglasses & contact lenses",0.105811215431115,"#FFFFB2"
"tech enthusiasts- laptops",0.10567504037521,"#FFFFB2"
"adventurous eaters",0.10565978321746,"#505066"
"on the shopping list- vegetarian food",0.105288208791179,"#505066"
"new parents",0.105211692615785,"#FFFFB2"
"consumer goods suppliers",0.105134669814125,"#FFFFB2"
"musical film fans",0.105098505057349,"#FFFFB2"
"remote work advocates",0.104812024068037,"#FFFFB2"
"marni fans",0.104700443946424,"#FFFFB2"
"administrative role seekers",0.104552625315713,"#FFFFB2"
"auto enthusiasts",0.104506698916536,"#FFFFB2"
"design professionals",0.104445691713092,"#FFFFB2"
"translators & localization experts",0.104424537031493,"#FFFFB2"
"aspiring filmmakers- editing",0.104386799767006,"#FFFFB2"
"resume crafting seekers",0.10408796420388,"#FFFFB2"
"tommy hilfiger fans",0.104070358130113,"#FFFFB2"
"jeddah interested",0.10403874640939,"#FFFFB2"
"image conscious- spas & beauty",0.104030211847158,"#FFFFB2"
"detailed model builders",0.103886350645027,"#FFFFB2"
"home design fans",0.103849429184781,"#FFFFB2"
"vienna interested",0.103636754924814,"#FFFFB2"
"ram trucks fans",0.103475754004448,"#FFFFB2"
"console gamers",0.103396526387787,"#505066"
"console gamers",0.103396526387787,"#505066"
"fossil fans",0.1032554854901,"#FFFFB2"
"in the honeymoon period",0.103217114942127,"#FFFFB2"
"luxury sportswear buyers- male",0.10309066409147,"#FFFFB2"
"alternative music listeners",0.103071621653488,"#FFFFB2"
"alternative music listeners",0.103071621653488,"#FFFFB2"
"telecom industry workers",0.103046083118153,"#FFFFB2"
"film makers and on-set staff",0.103032985244928,"#FFFFB2"
"tanning fans",0.102745807210962,"#FFFFB2"
"tanning fans",0.102745807210962,"#FFFFB2"
"car feature upgraders- interior parts",0.102733385243992,"#FFFFB2"
"customer relations pros",0.102664014297923,"#FFFFB2"
"on the pulse- apparel industry",0.102662545214537,"#FFFFB2"
"philippines interested",0.102587570826684,"#FFFFB2"
"gifting preppers - personalized gifts",0.102508780815833,"#FFFFB2"
"gifting preppers - personalized gifts",0.102508780815833,"#FFFFB2"
"family film fans",0.102441980072042,"#FFFFB2"
"health concerned- allergies",0.10234467704452,"#FFFFB2"
"pop culture buffs",0.101993347563183,"#FFFFB2"
"pop culture buffs",0.101993347563183,"#FFFFB2"
"pop culture buffs",0.101993347563183,"#FFFFB2"
"lima interested",0.101988554019284,"#FFFFB2"
"g-star fans",0.101922888834906,"#FFFFB2"
"auto racing enthusiasts",0.101857297374806,"#FFFFB2"
"experience seeker - live music",0.10185251679809,"#FFFFB2"
"outdoor adventurers- beaches",0.101568268233166,"#FFFFB2"
"historical fiction readers",0.10130347815355,"#FFFFB2"
"animated film fans",0.101261452709655,"#FFFFB2"
"casual gamers",0.10125770123913,"#505066"
"vietnamese cuisine fans",0.101217631269836,"#505066"
"order fulfilment experts",0.101142154960022,"#FFFFB2"
"south asian film fans",0.100833862524864,"#FFFFB2"
"french cuisine fans",0.100735291928816,"#505066"
"oneplus fans",0.100696139325838,"#FFFFB2"
"educators",0.100633075700212,"#FFFFB2"
"cross-stitch enthusiasts",0.100127734134982,"#FFFFB2"
"coding & programming experts",0.100116448895217,"#FFFFB2"
"music show fans",0.0999331501718691,"#FFFFB2"
"music show fans",0.0999331501718691,"#FFFFB2"
"kitesurfing aficionados",0.0998897266183419,"#FFFFB2"
"nintendo fans",0.0998639325386909,"#505066"
"podcast junkies",0.099846387101159,"#FFFFB2"
"comic book collectors",0.0997710475208303,"#FFFFB2"
"vivienne westwood fans",0.0996652692417008,"#FFFFB2"
"editing experts",0.099618640386914,"#FFFFB2"
"nordstrom fans",0.0996118778143661,"#FFFFB2"
"catch-up tv buffs",0.0996071684868871,"#FFFFB2"
"catch-up tv buffs",0.0996071684868871,"#FFFFB2"
"catch-up tv buffs",0.0996071684868871,"#FFFFB2"
"new baby gifters",0.0995854616678844,"#FFFFB2"
"south america interested",0.099406315303476,"#FFFFB2"
"japan interested",0.0993068053300643,"#FFFFB2"
"streaming media connoisseurs",0.0990178130301982,"#FFFFB2"
"streaming media connoisseurs",0.0990178130301982,"#FFFFB2"
"streaming media connoisseurs",0.0990178130301982,"#FFFFB2"
"streaming media connoisseurs",0.0990178130301982,"#FFFFB2"
"streaming media connoisseurs",0.0990178130301982,"#FFFFB2"
"la liga fans",0.0989988068449784,"#FFFFB2"
"reading fans- e-book tech",0.0987546387117716,"#FFFFB2"
"house proud- home cleaning supplies",0.0987134660800395,"#FFFFB2"
"music video fans",0.0986869118639641,"#FFFFB2"
"music video fans",0.0986869118639641,"#FFFFB2"
"hands on home renovators- flooring",0.0984484573244742,"#FFFFB2"
"max mara fans",0.0982613753025735,"#FFFFB2"
"kitchen upgraders- kitchen furniture",0.098211158403522,"#FFFFB2"
"fairy tale readers",0.0981003730755473,"#FFFFB2"
"experience seeker - aquariums",0.0978743989066905,"#FFFFB2"
"animation fans",0.0974128108563194,"#FFFFB2"
"animation fans",0.0974128108563194,"#FFFFB2"
"animation fans",0.0974128108563194,"#FFFFB2"
"kung fu practitioners",0.0972150283283552,"#FFFFB2"
"basic medicine scholars",0.0971656420141921,"#FFFFB2"
"wireless tech experts",0.0971468219385333,"#FFFFB2"
"writers & editors",0.0970809041900029,"#FFFFB2"
"bath & body product prioritisers",0.0969721475101066,"#FFFFB2"
"school educators & administrators",0.0967783472267249,"#FFFFB2"
"luxury bag and wallet buyers- male",0.0964891230979988,"#FFFFB2"
"bloggers",0.0964822437509632,"#FFFFB2"
"roller skating fans",0.0963659684725388,"#FFFFB2"
"aspiring musicians- instruments",0.0963198510186366,"#FFFFB2"
"tory burch fans",0.0961676021823501,"#FFFFB2"
"experience seeker - amusement parks",0.0961574618736396,"#FFFFB2"
"ceos",0.095875473473416,"#FFFFB2"
"late internet adopters",0.0958289758424807,"#FFFFB2"
"autobiography readers",0.0958215481765118,"#FFFFB2"
"luxury shoe buyers- male",0.0957276812041196,"#FFFFB2"
"fantasy readers",0.0956953424339088,"#FFFFB2"
"scrapbooking hobbyists",0.0955736453419683,"#FFFFB2"
"special day preparation- even planning",0.0953422742752942,"#FFFFB2"
"quilting experts",0.0952844707299919,"#FFFFB2"
"quick meals",0.0952774444354122,"#505066"
"tech enthusiasts- portable media players",0.0951944584094922,"#FFFFB2"
"reggae music fans",0.0948849288621514,"#FFFFB2"
"tobacco industry workers",0.0946997785914211,"#FFFFB2"
"horror show fans",0.0945214367168531,"#FFFFB2"
"horror show fans",0.0945214367168531,"#FFFFB2"
"astrology believers",0.0943312580430612,"#FFFFB2"
"home tech enthusiasts- home theatre systems",0.0941793237963473,"#FFFFB2"
"honeymooners",0.0941586967965922,"#FFFFB2"
"aspiring magicians",0.0941465185345364,"#FFFFB2"
"nokia  mobiles",0.0940357536741437,"#FFFFB2"
"karaoke singers",0.0938980706085458,"#FFFFB2"
"soap opera fans",0.0937932049531391,"#FFFFB2"
"soap opera fans",0.0937932049531391,"#FFFFB2"
"oslo interested",0.0936715154111167,"#FFFFB2"
"r&b music fans",0.0936552248969392,"#FFFFB2"
"r&b music fans",0.0936552248969392,"#FFFFB2"
"aerospace enthusiasts",0.0932306816837361,"#FFFFB2"
"hair style prioritisers",0.0932154516324394,"#FFFFB2"
"poetry readers",0.0931460704413537,"#FFFFB2"
"farmers",0.093054787896484,"#FFFFB2"
"softball fans",0.0929622074851227,"#FFFFB2"
"reality show fans",0.0929542758974982,"#FFFFB2"
"reality show fans",0.0929542758974982,"#FFFFB2"
"reality show fans",0.0929542758974982,"#FFFFB2"
"reality show fans",0.0929542758974982,"#FFFFB2"
"reality show fans",0.0929542758974982,"#FFFFB2"
"reality show fans",0.0929542758974982,"#FFFFB2"
"mainstream business dressers- male",0.0929411811999916,"#FFFFB2"
"egypt interested",0.0929310209347833,"#FFFFB2"
"kiev interested",0.0927568241084172,"#FFFFB2"
"aspiring authors",0.0927301604754394,"#FFFFB2"
"fast food fans",0.092620336613955,"#505066"
"africa interested",0.0925671606460481,"#FFFFB2"
"fantasy books readers",0.0925183525844626,"#FFFFB2"
"north america interested",0.0924321322368854,"#FFFFB2"
"gambling and gaming employees",0.0920627745947264,"#FFFFB2"
"taipei interested",0.0920544389948225,"#FFFFB2"
"mountain biking fans",0.0917699230823576,"#FFFFB2"
"country music fans",0.0917142590822695,"#FFFFB2"
"country music fans",0.0917142590822695,"#FFFFB2"
"kenzo fans",0.0916987523906806,"#FFFFB2"
"aspiring drummers",0.0915463417099867,"#FFFFB2"
"luxury dressers- male",0.0913398689593332,"#FFFFB2"
"western readers",0.0912443878358249,"#FFFFB2"
"prague interested",0.0911072115188819,"#FFFFB2"
"home design fans- linens",0.0909486538072277,"#FFFFB2"
"costa rica interested",0.0907624580431748,"#FFFFB2"
"mexico interested",0.0905241037373206,"#FFFFB2"
"job fair attendees",0.090522225777629,"#FFFFB2"
"boxing aficionados",0.0903941668672698,"#FFFFB2"
"diesel fans",0.0903076904517475,"#FFFFB2"
"doll collectors",0.0903017499087739,"#FFFFB2"
"shaving",0.0902850284002188,"#FFFFB2"
"asian cuisine fans",0.0902844483225132,"#505066"
"jordan interested",0.0898485484488026,"#FFFFB2"
"diorama creators",0.0896266649023686,"#FFFFB2"
"tech enthusiasts- computer memory & storage",0.0894942069263031,"#FFFFB2"
"pottery fans",0.0894792626049743,"#FFFFB2"
"moscow interested",0.0894109879422112,"#FFFFB2"
"romance film fans",0.0893031750403561,"#FFFFB2"
"fantasy sports players",0.0890969985617156,"#FFFFB2"
"fantasy sports players",0.0890969985617156,"#FFFFB2"
"fantasy sports players",0.0890969985617156,"#FFFFB2"
"swimwear fans",0.0888451504082745,"#FFFFB2"
"turkish super ligue fans",0.088785922999634,"#FFFFB2"
"fingerpainting fans",0.0887392612277359,"#FFFFB2"
"lebanon interested",0.0883595535026837,"#FFFFB2"
"music fans- headphones and hardware",0.0880578876982311,"#FFFFB2"
"france interested",0.0879513684107171,"#FFFFB2"
"budget glasses wearers",0.0878633088495317,"#FFFFB2"
"experience seeker - ballet",0.087761928255884,"#FFFFB2"
"special day preparation- wedding & engagement rings",0.0877047925201088,"#FFFFB2"
"caribbean interested",0.0876927412504082,"#FFFFB2"
"net-a-porter fans",0.0876006940209606,"#FFFFB2"
"gap fans",0.0874988578271392,"#FFFFB2"
"aspiring filmmakers- hardware",0.0874271547985423,"#FFFFB2"
"software experts- free software",0.0873167917196592,"#FFFFB2"
"calvin klein fans",0.0869242742166414,"#FFFFB2"
"portfolio & resume sharers",0.0869144771608605,"#FFFFB2"
"education specialists",0.0868845053502757,"#FFFFB2"
"dodge fans",0.0868645185844983,"#FFFFB2"
"memoir readers",0.0868534218723679,"#FFFFB2"
"auto employees",0.0867519127897794,"#FFFFB2"
"feminists",0.0867002318672124,"#FFFFB2"
"foot locker fans",0.0864969862392511,"#FFFFB2"
"dancing fans",0.086284556210712,"#FFFFB2"
"luxury hat buyers- female",0.0862378991881915,"#FFFFB2"
"online gamers",0.0861890189473804,"#505066"
"temperley london fans",0.0861824531346102,"#FFFFB2"
"apprenticeship enthusiasts",0.0860811989202969,"#FFFFB2"
"skechers fans",0.0859300227087285,"#FFFFB2"
"tattoo fans",0.0858974113803184,"#FFFFB2"
"home design fans- curtains",0.0857997025519948,"#FFFFB2"
"ipl fans",0.0856230422431528,"#FFFFB2"
"halloween preppers",0.0855535274768461,"#FFFFB2"
"on the shopping list- energy drinks",0.0853758386779809,"#505066"
"delivery and freight experts",0.085150729978967,"#FFFFB2"
"greece interested",0.0850788913972329,"#FFFFB2"
"luxury makeup & cosmetic product prioritisers",0.0846893008435931,"#FFFFB2"
"freelancers",0.0841470379725784,"#FFFFB2"
"office managers- office supplies",0.0841294328866066,"#FFFFB2"
"ultimate frisbee fans",0.0833584429702608,"#FFFFB2"
"sewing specialists",0.0832343866456035,"#FFFFB2"
"children show fans",0.0830399112219235,"#FFFFB2"
"children show fans",0.0830399112219235,"#FFFFB2"
"children show fans",0.0830399112219235,"#FFFFB2"
"children show fans",0.0830399112219235,"#FFFFB2"
"poker players",0.0829714794817435,"#FFFFB2"
"sketching fans",0.082877572392495,"#FFFFB2"
"home design fans- tableware",0.0827183003358283,"#FFFFB2"
"shipbuilding professionals",0.0826868501205544,"#FFFFB2"
"variety audio fans",0.0824838841093417,"#FFFFB2"
"website developers",0.0824032842086752,"#FFFFB2"
"xbox fans",0.0822582596294285,"#505066"
"stella mccartney fans",0.0822041354598202,"#FFFFB2"
"pop music fans",0.0821555006277058,"#FFFFB2"
"pop music fans",0.0821555006277058,"#FFFFB2"
"luxury jewellery buyers- female",0.0821498999952086,"#FFFFB2"
"container design & manufacturing experts",0.082022839128639,"#FFFFB2"
"heavy metal music fans",0.0820031097423821,"#FFFFB2"
"heavy metal music fans",0.0820031097423821,"#FFFFB2"
"software developers",0.081984818935526,"#FFFFB2"
"nightlife fans",0.081960331674288,"#FFFFB2"
"on the shopping list- desserts",0.0819146714017559,"#505066"
"textile industry professionals",0.0819086720247173,"#FFFFB2"
"bollywood film fans",0.0818148716219661,"#FFFFB2"
"bollywood film fans",0.0818148716219661,"#FFFFB2"
"bollywood film fans",0.0818148716219661,"#FFFFB2"
"seoul interested",0.0818010626185017,"#FFFFB2"
"valentine's day preppers",0.0815384872442127,"#FFFFB2"
"nba fans",0.0812103686197232,"#FFFFB2"
"salon patrons",0.0809150680132898,"#FFFFB2"
"communication & pr specialists",0.080891997597555,"#FFFFB2"
"xiaomi fans",0.0803653397251446,"#FFFFB2"
"the middle east & africa interested",0.080321895551171,"#FFFFB2"
"budding legal professionals",0.0802228878027223,"#FFFFB2"
"slacklining enthusiasts",0.0799802243961318,"#FFFFB2"
"tech enthusiasts- tablets",0.079813891295358,"#FFFFB2"
"fitness fans- pilates",0.0797052732631645,"#FFFFB2"
"computer programmers",0.0795995102800631,"#FFFFB2"
"professional artists",0.0795675505453152,"#FFFFB2"
"c&a fans",0.0795431050080015,"#FFFFB2"
"indie music fans",0.079114447090783,"#FFFFB2"
"indie music fans",0.079114447090783,"#FFFFB2"
"wrestling fans- wwe",0.0788749325476939,"#FFFFB2"
"on the shopping list- brownies",0.0785154897593881,"#505066"
"tapestry creators",0.0778184345961556,"#FFFFB2"
"vr experts",0.0777414095641753,"#FFFFB2"
"animation show fans",0.0776001878010155,"#FFFFB2"
"animation show fans",0.0776001878010155,"#FFFFB2"
"animation show fans",0.0776001878010155,"#FFFFB2"
"animation show fans",0.0776001878010155,"#FFFFB2"
"animation show fans",0.0776001878010155,"#FFFFB2"
"animation show fans",0.0776001878010155,"#FFFFB2"
"serie a fans",0.0774701214150694,"#FFFFB2"
"tech role aspirants",0.0772625469764945,"#FFFFB2"
"hunting aficionados",0.077217930854653,"#FFFFB2"
"wrestling fans",0.0771051531205577,"#FFFFB2"
"manolo blahnik fans",0.0770990117455204,"#FFFFB2"
"needlepoint crafters",0.077064319428342,"#FFFFB2"
"building suppliers",0.0769581709590847,"#FFFFB2"
"next fans",0.0766812750371443,"#FFFFB2"
"f1 fans",0.0754916868715439,"#FFFFB2"
"furla fans",0.075405959045878,"#FFFFB2"
"electronic music fans",0.0753482620566165,"#FFFFB2"
"electronic music fans",0.0753482620566165,"#FFFFB2"
"knitting virtuosos",0.0752735742006124,"#FFFFB2"
"action gamers",0.0751964809181819,"#505066"
"motor sports enthusiasts",0.074914072678896,"#FFFFB2"
"performance tuners",0.0748077124494654,"#FFFFB2"
"audio producers",0.0747104333969633,"#FFFFB2"
"shopaholics",0.0743475246788193,"#FFFFB2"
"miu miu fans",0.0742178762112539,"#FFFFB2"
"jimmy choo fans",0.0741870469689336,"#FFFFB2"
"rpg gamers",0.0738311326739984,"#505066"
"experience seeker - concerts",0.0735641667361305,"#FFFFB2"
"on the shopping list- vegan food",0.0733252609081738,"#505066"
"athletes & sports professionals",0.0732771199150103,"#FFFFB2"
"public sector professionals in the making",0.0731430757035492,"#FFFFB2"
"digital content creators",0.072892924798658,"#FFFFB2"
"spanish cuisine fans",0.0728914383894693,"#505066"
"style minded- costumes",0.0725487105903537,"#FFFFB2"
"health concerned- thyroid disorders",0.0724283269943924,"#FFFFB2"
"on-the-pulse fashionistas- shoes",0.0723799868072885,"#FFFFB2"
"anime film fans",0.0723296090783251,"#FFFFB2"
"celebrity followers",0.0715601181636857,"#FFFFB2"
"celebrity followers",0.0715601181636857,"#FFFFB2"
"breakdance admirers",0.0711094654856791,"#FFFFB2"
"experience seeker - parties",0.0708866532431584,"#FFFFB2"
"italy interested",0.0706082276027607,"#FFFFB2"
"korean film fans",0.070526602594872,"#FFFFB2"
"cheerleading supporters",0.0701114867824105,"#FFFFB2"
"forest and paper industry workers",0.0700415910658775,"#FFFFB2"
"equipment experts",0.0699983803111545,"#FFFFB2"
"mexican cuisine fans",0.0694080155168823,"#505066"
"everyday fragrance product prioritisers",0.0692366947636666,"#FFFFB2"
"ranch workers & managers",0.069055075687616,"#FFFFB2"
"freelance writers",0.0689880748362466,"#FFFFB2"
"wargaming players",0.0685997820195045,"#FFFFB2"
"tj maxx fans",0.0685637503357182,"#FFFFB2"
"program design & developers",0.0684840075579143,"#FFFFB2"
"mobile gamers",0.0683394956726953,"#505066"
"music streamers & spotify loyalists",0.0683310851439074,"#FFFFB2"
"music streamers & spotify loyalists",0.0683310851439074,"#FFFFB2"
"pre-school families",0.0682593022290531,"#FFFFB2"
"tether car racers",0.0679236184494855,"#FFFFB2"
"japanese cuisine fans",0.0678498218959279,"#505066"
"snowboarding aficionados",0.0677634646918117,"#FFFFB2"
"karate aficionados",0.0677384542803687,"#FFFFB2"
"zalando fans",0.0676663000443933,"#FFFFB2"
"korean cuisine fans",0.0675687209760239,"#505066"
"education sector hopefuls",0.0675090891146327,"#FFFFB2"
"animal care & veterinary professionals",0.0673414698511316,"#FFFFB2"
"fiction readers",0.066716340442835,"#FFFFB2"
"future engineers and coders",0.066675756535726,"#FFFFB2"
"home design fans- nursery",0.0665988201820743,"#FFFFB2"
"urban music lovers",0.0664362604394278,"#FFFFB2"
"urban music lovers",0.0664362604394278,"#FFFFB2"
"aldo fans",0.0663525987672229,"#FFFFB2"
"bachelor party planners",0.0659087183752275,"#FFFFB2"
"experience seeker - music festivals",0.0658857755242287,"#FFFFB2"
"yohji yamamoto fans",0.0652614846152198,"#FFFFB2"
"latin american cuisine fans",0.0651934449116176,"#505066"
"action figure collectors",0.064533240345407,"#FFFFB2"
"the caribbean interested",0.0642242951240035,"#FFFFB2"
"luxury business dressers- female",0.0640115039514382,"#FFFFB2"
"christopher kane fans",0.0634707150929343,"#FFFFB2"
"body art fans",0.0634298665612913,"#FFFFB2"
"everyday skin care product prioritisers",0.063414470379384,"#FFFFB2"
"vera wang fans",0.0633327381746545,"#FFFFB2"
"seasonal job searchers",0.06321920122366,"#FFFFB2"
"skin care product fans",0.0629948183584404,"#FFFFB2"
"old navy fans",0.0627936205363233,"#FFFFB2"
"crochet creators",0.0625541911064896,"#FFFFB2"
"fashion employees",0.0624855943207726,"#FFFFB2"
"mining company employees",0.0623218401934756,"#FFFFB2"
"hip hop music fans",0.0623005354829095,"#FFFFB2"
"hip hop music fans",0.0623005354829095,"#FFFFB2"
"experience seeker - dancehalls",0.0620645560658445,"#FFFFB2"
"robotics enthusiasts",0.0620043615527709,"#FFFFB2"
"embroidery experts",0.0619297770578205,"#FFFFB2"
"tech enthusiasts- computer hardware",0.061615066976641,"#FFFFB2"
"front of house retailers",0.0615271731645171,"#FFFFB2"
"puzzle champions- rubik's cube",0.0611197069226711,"#FFFFB2"
"restaurant staff & managers",0.0608649575173824,"#FFFFB2"
"oakley fans",0.0607702139905929,"#FFFFB2"
"new baby preppers- feeding",0.0607374403387955,"#FFFFB2"
"graffiti fans",0.0607221891078065,"#FFFFB2"
"margaret howell fans",0.0603759849714335,"#FFFFB2"
"retail role enthusiasts",0.0603395642556062,"#FFFFB2"
"budget skin care product prioritisers",0.0600725177767931,"#FFFFB2"
"oppo fans",0.0595834252586835,"#FFFFB2"
"entertainers",0.058818434281653,"#FFFFB2"
"aspiring singers",0.058167567436805,"#FFFFB2"
"morocco interested",0.0581385645286005,"#FFFFB2"
"railroad industry workers",0.0580983766462236,"#FFFFB2"
"experience seeker - coffeehouses",0.0577318289219392,"#FFFFB2"
"laser tag players",0.0572290397258047,"#FFFFB2"
"small pet owners",0.0572117263980767,"#FFFFB2"
"manga fans",0.0561974367418136,"#FFFFB2"
"tech investigators",0.055763873163734,"#FFFFB2"
"budget fragrance product prioritisers",0.0557164635212927,"#FFFFB2"
"luxury dressers- female",0.0555337109449272,"#FFFFB2"
"experience seeker - fashion events",0.0554816301570941,"#FFFFB2"
"mainstream formal dressers- male",0.0552939502866874,"#FFFFB2"
"on-the-pulse fashionistas",0.055095823549931,"#FFFFB2"
"on-the-pulse fashionistas",0.055095823549931,"#FFFFB2"
"on-the-pulse fashionistas",0.055095823549931,"#FFFFB2"
"buenos aires interested",0.0544168836001887,"#FFFFB2"
"aspiring actors",0.0542964733518691,"#FFFFB2"
"mechanical engineers",0.0540673288076958,"#FFFFB2"
"stuart weitzman fans",0.0539527700140281,"#FFFFB2"
"witchcraft practitioners",0.0538373939688952,"#FFFFB2"
"spain interested",0.0532367515754687,"#FFFFB2"
"fashion and beauty show fans",0.0527404877397343,"#FFFFB2"
"fashion and beauty show fans",0.0527404877397343,"#FFFFB2"
"fashion and beauty show fans",0.0527404877397343,"#FFFFB2"
"fashion and beauty show fans",0.0527404877397343,"#FFFFB2"
"fashion and beauty show fans",0.0527404877397343,"#FFFFB2"
"fashion and beauty show fans",0.0527404877397343,"#FFFFB2"
"gothic readers",0.0523231265143336,"#FFFFB2"
"isabel marant fans",0.0518367574542827,"#FFFFB2"
"on the shopping list- candy & sweets",0.0518053250047369,"#505066"
"model racing enthusiasts",0.0513664385039875,"#FFFFB2"
"romance readers",0.050276563047105,"#FFFFB2"
"mainstream jewellery buyers- male",0.0501035988243624,"#FFFFB2"
"children's clothing fans",0.0494790202761252,"#FFFFB2"
"combat sports admirers",0.047931511897182,"#FFFFB2"
"budget bath & body product prioritisers",0.0477149579762451,"#FFFFB2"
"pole dancing enthusiasts",0.0471319771008142,"#FFFFB2"
"showrooming customers",0.0470320828544179,"#FFFFB2"
"electrical engineers",0.0466412920469726,"#FFFFB2"
"luxury handbag buyers- female",0.0464910549232334,"#FFFFB2"
"vintage clothing collectors",0.0463809028731531,"#FFFFB2"
"radio-controlled toy collectors",0.0453603868979033,"#FFFFB2"
"freestyle football fans",0.0448030531540837,"#FFFFB2"
"latin america interested",0.0446769550969172,"#FFFFB2"
"tech enthusiasts- computer processors",0.0431597646706422,"#FFFFB2"
"asos fans",0.0427611466295383,"#FFFFB2"
"dance music fans",0.0424789799342733,"#FFFFB2"
"dance music fans",0.0424789799342733,"#FFFFB2"
"marc jacobs fans",0.0424569086924715,"#FFFFB2"
"elie saab fans",0.0415264398043482,"#FFFFB2"
"backpackers",0.0414004569321811,"#FFFFB2"
"healthcare career pursuers",0.0411724934336522,"#FFFFB2"
"michael kors fans",0.0396345174399779,"#FFFFB2"
"dkny fans",0.039269748288781,"#FFFFB2"
"warehouse operations staff",0.0392330009589089,"#FFFFB2"
"anime fans",0.0388211179851023,"#FFFFB2"
"luxury sportswear buyers- female",0.0386986228126332,"#FFFFB2"
"luxury accessory wearers- female",0.0380729778672271,"#FFFFB2"
"aspiring artists",0.0375385139757642,"#FFFFB2"
"longboarding lovers",0.0373075870934654,"#FFFFB2"
"cosmetics experts & suppliers",0.0372124253269408,"#FFFFB2"
"steve madden fans",0.0371987294772536,"#FFFFB2"
"mainstream bag and wallet buyers- male",0.0370117584051669,"#FFFFB2"
"luxury casual dressers- female",0.0359342090834027,"#FFFFB2"
"playstation fans",0.035866448914984,"#505066"
"mainstream formal dressers- female",0.0357550502193504,"#FFFFB2"
"luxury formal dressers- female",0.0357177014498427,"#FFFFB2"
"impulsive shoppers",0.0356314123444396,"#FFFFB2"
"nicholas kirkwood fans",0.0354221553703578,"#FFFFB2"
"events planners",0.0340190095802658,"#FFFFB2"
"h&m fans",0.0328618088562374,"#FFFFB2"
"military personnel",0.0323767629916904,"#FFFFB2"
"getting work ready - material handling equipment",0.0316577879471097,"#FFFFB2"
"healthy living- senior health",0.0310192032665875,"#FFFFB2"
"guatemala interested",0.0297012216390005,"#FFFFB2"
"supermarket & retail staff",0.0289399617467171,"#FFFFB2"
"luxury shoe buyers- female",0.0288142212795685,"#FFFFB2"
"lululemon fans",0.0278896272900736,"#FFFFB2"
"american eagle outfitters fans",0.0276439692436462,"#FFFFB2"
"healthy living- female health",0.0274355652792767,"#FFFFB2"
"urban outfitters fans",0.0270812763624913,"#FFFFB2"
"desigual fans",0.0241776277355266,"#FFFFB2"
"bogota interested",0.0240696776678251,"#FFFFB2"
"health concerned- menopause",0.0210255225035638,"#FFFFB2"
"video game makers",0.0203841205395987,"#FFFFB2"
"primark fans",0.0193298545174375,"#FFFFB2"
"paintball players",0.0190763465752682,"#FFFFB2"
"baby & toddler food",0.0189287843418816,"#FFFFB2"
"image conscious- cosmetics services",0.0187270575687103,"#FFFFB2"
"mainstream dressers- male",0.0185779845043397,"#FFFFB2"
"first-person shooter gamers",0.018457160570049,"#505066"
"strategy gamers",0.0181380267810443,"#505066"
"sports gamers",0.0180799820852043,"#505066"
"base jumping daredevils",0.0180355594380963,"#FFFFB2"
"special day preparation- wedding planners",0.0179103911539532,"#FFFFB2"
"fitness fans- male running shoes",0.0168873446132556,"#FFFFB2"
"racing game players",0.0165000852398662,"#505066"
"nine west fans",0.0154010638809055,"#FFFFB2"
"vr gamers",0.0148782208863532,"#505066"
"mainstream handbag buyers- female",0.0142712259997663,"#FFFFB2"
"claudie pierlot fans",0.0132808263662303,"#FFFFB2"
"beatboxing fans",0.0092476695826318,"#FFFFB2"
"netball players",6.14915866256043e-17,"#FFFFB2"
"zara fans",4.36697524119276e-17,"#FFFFB2"
"baby & toddler food",4.20303444090423e-17,"#FFFFB2"
"young adult literature readers",2.97369374260993e-17,"#FFFFB2"
"retirees",0,"#FFFFB2"
"career starters",0,"#FFFFB2"
"job starters",0,"#FFFFB2"
"model united nations members",0,"#FFFFB2"
"graduating soon",0,"#FFFFB2"
"health concerned- birth control",0,"#FFFFB2"
"internship hunters",0,"#FFFFB2"
"recently graduated",0,"#FFFFB2"
"e-sports gamers",0,"#505066"
"female shavers",0,"#FFFFB2"
"students",0,"#FFFFB2"
"health concerned- pregnancy",0,"#FFFFB2"
"welders",0,"#FFFFB2"
"mainstream accessory wearers- male",0,"#FFFFB2"
"topshop fans",0,"#FFFFB2"
"sisley fans",0,"#FFFFB2"
"budget formal dressers- male",0,"#FFFFB2"
"car tuning enthusiasts",0,"#FFFFB2"
"aspiring international studiers",0,"#FFFFB2"
"skateboarding buffs",0,"#FFFFB2"
"budget business dressers- male",0,"#FFFFB2"
"everyday makeup & cosmetic product prioritisers",0,"#FFFFB2"
"mainstream hat buyers- female",0,"#FFFFB2"
"budget hat buyers- female",0,"#FFFFB2"
"luxury underwear buyers- female",0,"#FFFFB2"
"students- undergrad senior",0,"#FFFFB2"
"budget sportswear buyers- female",0,"#FFFFB2"
"university bound- researching options",0,"#FFFFB2"
"budget shoes - male fans",0,"#FFFFB2"
"budget casual dressers- female",0,"#FFFFB2"
"budget dressers- female",0,"#FFFFB2"
"budget business dressers- female",0,"#FFFFB2"
"budget jewellery buyers- female",0,"#FFFFB2"
"recently retired",0,"#FFFFB2"
"mainstream accessory wearers- female",0,"#FFFFB2"
"mainstream jewellery buyers- female",0,"#FFFFB2"
"mainstream dressers- female",0,"#FFFFB2"
"shooter game players",0,"#505066"
"budget accessory wearers- male",0,"#FFFFB2"
"budget bag and wallet buyers- male",0,"#FFFFB2"
"budget underwear buyers- male",0,"#FFFFB2"
"budget handbag buyers- female",0,"#FFFFB2"
"budget casual dressers- male",0,"#FFFFB2"
"aspiring djs- equipment",0,"#FFFFB2"
"prom preparers",0,"#FFFFB2"
"pc gamers",0,"#505066"
"pc gamers",0,"#505066"
"mainstream casual dressers- male",0,"#FFFFB2"
"female deodorant and antiperspirant intenders",0,"#FFFFB2"
"budget formal dressers- female",0,"#FFFFB2"
"budget accessory wearers- female",0,"#FFFFB2"
"mmos gamers",0,"#505066"
"speedcubing buffs",0,"#FFFFB2"
"mainstream casual dressers- female",0,"#FFFFB2"
"mainstream sportswear buyers- female",0,"#FFFFB2"
"budget makeup & cosmetic product prioritisers",0,"#FFFFB2"
"mainstream underwear buyers- female",0,"#FFFFB2"
"budget jewellery buyers- male",0,"#FFFFB2"
"mainstream shoe buyers- male",0,"#FFFFB2"
"mainstream shoe buyers- female",0,"#FFFFB2"
"image conscious- makeup & beauty",0,"#FFFFB2"
"image conscious- makeup & beauty",0,"#FFFFB2"
"makeup & cosmetics fans",0,"#FFFFB2"
"budget dressers- male",0,"#FFFFB2"
"mainstream sportswear buyers- male",0,"#FFFFB2"
"educational video gamers",0,"#505066"
"male deodorant and antiperspirant intenders",0,"#FFFFB2"
"style minded- dresses",0,"#FFFFB2"
"baby & toddler fashion",0,"#FFFFB2"
"exercise & fitness video gamers",0,"#505066"
"mainstream underwear buyers- male",0,"#FFFFB2"
"mainstream business dressers- female",0,"#FFFFB2"
"budget sportswear buyers- male",0,"#FFFFB2"
"budget shoes - female fans",0,"#FFFFB2"
"victorias secret fans",0,"#FFFFB2"
"fitness fans- female running shoes",0,"#FFFFB2"
"bachelorette party planners",0,"#FFFFB2"
"budget shoe buyers- male",0,"#FFFFB2"
"forever 21 fans",0,"#FFFFB2"
"music & party video gamers",0,"#505066"
"boots - male fans",0,"#FFFFB2"
"budget underwear buyers- female",0,"#FFFFB2"
"kate spade fans",0,"#FFFFB2"
"apiring rappers",0,"#FFFFB2"
"teen drama fans",0,"#FFFFB2"
"teen drama fans",0,"#FFFFB2"
"teen drama fans",0,"#FFFFB2"
"teen drama fans",0,"#FFFFB2"
"teen drama fans",0,"#FFFFB2"
"bmx enthusiasts",0,"#FFFFB2"
"boots - female fans",0,"#FFFFB2"
"computer game makers",0,"#FFFFB2"
"cosmetologists",0,"#FFFFB2"
"university bound- researching institutions",0,"#FFFFB2"
"rest and relaxation prioritisers- pools and spa's",NA,"#FFFFB2"
"hands-on diyer's ",NA,"#FFFFB2"
"diyers",NA,"#FFFFB2"
"accountancy",NA,"#FFFFB2"
"luxury underwear buyers- male",NA,"#FFFFB2"
"female jewelry and watches - luxury/premium skew",NA,"#FFFFB2"
"budget shoe buyers- female",NA,"#FFFFB2"
"animation fans- learning more",NA,"#FFFFB2"
