id,color
3d graphic designers,grey
aspiring animators- software,grey
web design aficionados- software,grey
drawing fans,grey
photoshop artists,grey
digital art fans,grey
software experts,grey
graphic design fans,grey
computer programmers,grey
software developers,grey
designers,grey
computer investors,grey
personal publishers,grey
design professionals,grey
photography fans- photo software,grey
creative thinkers,grey
3d tech fans,grey
it specialists,grey
tech enthusiasts,grey
on the pulse- technology industry,grey
future engineers and coders,grey
video game makers,grey
augmented reality interested,grey
editing experts,grey
product development experts,grey
vr experts,grey
aspiring filmmakers- editing,grey
business planners- industrial products,grey
printing fans,grey
on the pulse- manufacturing industry,grey
mechanical engineers,grey
powerpoint pros,grey
innovation leaders,grey
vr gamers,grey
engineering pros,grey
tech enthusiasts- computer hardware,grey
art aficionados- learning more,grey
tech enthusiasts- computer monitors,grey
program design & developers,grey
architects,grey
video producers,grey
app obsessed,grey
computer game makers,grey
audio producers,grey
sketching fans,grey
web design aficionados- site development,grey
tech enthusiasts- computer processors,grey
website developers,grey
sophisticated marketers,grey
business decision makers- it support,grey
it decision makers,grey
word professionals,grey
excel gurus,grey
tech enthusiasts- desktops,grey
office suite masters,grey
photography fans- camera tech,grey
on the pulse- innovation,grey
electronics buffs,grey
video game players,grey
software experts- operating systems,grey
software experts- collaboration & conferencing tools,grey
art fans,grey
photography fans,grey
simulation gamers,grey
strategic thinkers,grey
software experts- enterprise software,grey
tech & science buffs,grey
robotics enthusiasts,grey
producers,grey
analytical experts,grey
painting fans,grey
pc gamers,grey
tech enthusiasts- digital audio,grey
console gamers,grey
e-sports gamers,grey
coding & programming experts,grey
professional artists,grey
business strategists,grey
business decision makers- web conferencing,grey
tech enthusiasts- consumer electronics,grey
safety minded- antivirus & cyber security,grey
fingerpainting fans,grey
aspiring entrepreneurs- business creation,grey
portfolio & resume sharers,grey
organizational gurus,grey
software experts- cloud computing,grey
presentation masters,grey
marketers,grey
action gamers,grey
communication experts,grey
oneplus fans,grey
materials engineers,grey
data masters,grey
hands-on diyers,grey
home tech enthusiasts- printers and scanners,grey
nanotechnology experts,grey
detailed model builders,grey
laser cutting innovators,grey
wood carving artists,grey
artistic engravers,grey
smart home enthusiasts,grey
metalwork masters,grey
trend setters,grey
tech investigators,grey
business suppliers,grey
home renovators,grey
miniature art fans,grey
office specialists,grey
hands on home renovators,grey
crafts fans,grey
fitness fans- activity tracker,grey
electrical manufacturers,grey
car feature upgraders- interior parts,grey
lego lovers,grey
5* hotel luxury,grey
hotel comfort,grey
on the pulse- hospitality industry,grey
no fuss holiday fans,grey
the united arab emirates interested,grey
doha interested,grey
superlux locations,grey
conference attendees,grey
the middle east & africa interested,grey
luxury neighbourhoods,grey
business travellers,grey
a.p.c. fans,grey
luxury casual dressers- male,grey
hermes (fashion) fans,grey
stella mccartney fans,grey
burberry fans,grey
balmain fans,grey
designer clothing fans,grey
missoni fans,grey
luxury business dressers- female,grey
givenchy fans,grey
luxury casual dressers- female,grey
balenciaga fans,grey
luxury dressers- female,grey
alexander mcqueen fans,grey
dolce & gabbana fans,grey
alexander wang fans,grey
fashion employees,grey
net-a-porter fans,grey
lanvin fans,grey
salvatore ferragamo fans,grey
prada fans,grey
luxury accessory wearers- male,grey
luxury sportswear buyers- male,grey
marni fans,grey
luxury dressers- male,grey
luxury hat buyers- female,grey
moschino fans,grey
kate spade fans,grey
luxury shoppers,grey
jimmy choo fans,grey
miu miu fans,grey
chanel fans,grey
designer outlet shoppers,grey
tom ford fans,grey
moynat fans,grey
emilio pucci fans,grey
luxury accessory wearers- female,grey
giorgio armani fans,grey
max mara fans,grey
bottega veneta fans,grey
oscar de la renta fans,grey
yves saint laurent fans,grey
thom browne fans,grey
goyard fans,grey
ralph lauren fans,grey
yohji yamamoto fans,grey
hugo boss fans,grey
christopher kane fans,grey
marc jacobs fans,grey
jil sander fans,grey
loro piana fans,grey
vera wang fans,grey
claudie pierlot fans,grey
luxury formal dressers- male,grey
valentino fans,grey
on-the-pulse fashionistas,grey
luxury shoe buyers- male,grey
vivienne westwood fans,grey
christian dior fans,grey
stuart weitzman fans,grey
luxury sportswear buyers- female,grey
michael kors fans,grey
luxury shoe buyers- female,grey
fendi fans,grey
on the pulse- apparel industry,grey
luxury handbag buyers- female,grey
luxury formal dressers- female,grey
gucci fans,grey
kenzo fans,grey
experience seeker - fashion events,grey
tommy hilfiger fans,grey
armani fans,grey
luxury bag and wallet buyers- male,grey
louis vuitton fans,grey
luxury business dressers- male,grey
couture fashion,grey
mainstream dressers- male,grey
dior fans,grey
christian louboutin fans,grey
mainstream dressers- female,grey
calvin klein fans,grey
temperley london fans,grey
brunello cucinelli fans,grey
mainstream accessory wearers- male,grey
lacoste fans,grey
mainstream casual dressers- male,grey
cole haan fans,grey
luxury glasses wearers,grey
elie saab fans,grey
bvlgari fans,grey
ermenegildo zegna fans,grey
polo ralph lauren fans,grey
front of house retailers,grey
dkny fans,grey
mainstream business dressers- male,grey
moncler fans,grey
mainstream formal dressers- male,grey
gap fans,grey
mainstream formal dressers- female,grey
mainstream accessory wearers- female,grey
male underwear and sleepwear - luxury/premium  brands skew,grey
high street fashionistas,grey
celine fans,grey
mainstream casual dressers- female,grey
zara fans,grey
american eagle outfitters fans,grey
nordstrom fans,grey
urban outfitters fans,grey
isabel marant fans,grey
textile industry professionals,grey
asos fans,grey
mainstream handbag buyers- female,grey
budget dressers- female,grey
street style,grey
ted baker fans,grey
on-the-pulse fashionistas- shoes,grey
h&m fans,grey
manolo blahnik fans,grey
quality seekers,grey
budget casual dressers- female,grey
budget dressers- male,grey
budget casual dressers- male,grey
mainstream business dressers- female,grey
banana republic fans,grey
budget formal dressers- male,grey
mainstream bag and wallet buyers- male,grey
uniqlo fans,grey
levis fans,grey
sisley fans,grey
paco rabanne fans,grey
the kooples fans,grey
zalando fans,grey
primark fans,grey
topshop fans,grey
victorias secret fans,grey
style minded- dresses,grey
c&a fans,grey
g-star fans,grey
patou fans,grey
budget sportswear buyers- female,grey
old navy fans,grey
cavalli fans,grey
children's clothing fans,grey
budget sportswear buyers- male,grey
mainstream sportswear buyers- female,grey
budget business dressers- male,grey
budget fragrance product prioritisers,grey
forever 21 fans,grey
cartier fans,grey
budget handbag buyers- female,grey
shopping centre enthusiasts,grey
luxury underwear buyers- female,grey
mainstream jewellery buyers- male,grey
mainstream underwear buyers- male,grey
budget hat buyers- female,grey
budget business dressers- female,grey
luxury jewellery buyers- female,grey
tj maxx fans,grey
furla fans,grey
budget jewellery buyers- female,grey
mainstream hat buyers- female,grey
jeans wearers,grey
tiffany & co. fans,grey
luxury fragrance product prioritisers,grey
budget accessory wearers- female,grey
female jewelry and watches - luxury/premium  brands skew,grey
mainstream jewellery buyers- female,grey
luxury jewellery buyers- male,grey
puma fans,grey
budget accessory wearers- male,grey
fragrance collectors,grey
rimowa fans,grey
shopaholics,grey
mainstream sportswear buyers- male,grey
consumer goods suppliers,grey
young upwardly mobile,grey
ray-ban fans,grey
action figure collectors,grey
baby & toddler entertainment,grey
animation fans,grey
die-cast toy collectors,grey
superhero fiction readers,grey
anime film fans,grey
animated film fans,grey
anime fans,grey
comic book collectors,grey
sci-fi  movies,grey
doll collectors,grey
science fiction readers,grey
fantasy readers,grey
rpg gamers,grey
adventure gamers,grey
sci-fi film fans,grey
manga fans,grey
action film fans,grey
cinema goers & film lovers,grey
cinema goers & film lovers- film lovers,grey
film collectors,grey
cinema goers & film lovers- dvds and videos,grey
drama film fans,grey
thriller film fans,grey
suspense fans,grey
film makers and on-set staff,grey
realistic fiction readers,grey
crime and mystery film fans,grey
drama fans,grey
comedy film fans,grey
on the pulse- entertainment industry,grey
romance film fans,grey
horror film fans,grey
romance readers,grey
fantasy film fans,grey
horror readers,grey
crime film fans,grey
aspiring actors,grey
history book readers,grey
celebrity followers,grey
mystery film fans,grey
bollywood film fans,grey
documentary film fans,grey
world cinema fans,grey
experience seeker - concerts,grey
tv show fanatics,grey
family film fans,grey
performing arts fans,grey
fantasy books readers,grey
humor readers,grey
sci-fi & fantasy show fans,grey
pop culture buffs,grey
reading fans,grey
fiction readers,grey
experience seeker - theatre & musical shows,grey
valentine's day preppers,grey
music fans,grey
western readers,grey
spy fiction readers,grey
south asian film fans,grey
musical film fans,grey
pop music fans,grey
cinema goers & film lovers- cinema visitors,grey
experience seeker - stand-up comedy shows,grey
epic readers,grey
thriller show fans,grey
country music fans,grey
chat show fans,grey
us show fans,grey
heavy metal music fans,grey
first-person shooter gamers,grey
shooter game players,grey
playstation fans,grey
online gamers,grey
xbox fans,grey
sports gamers,grey
strategy gamers,grey
puzzle gamers,grey
exercise & fitness video gamers,grey
racing game players,grey
mmos gamers,grey
music & party video gamers,grey
wargaming players,grey
nintendo fans,grey
browser games players,grey
mobile gamers,grey
fable readers,grey
casual gamers,grey
card games players,grey
board games players,grey
word game players,grey
active day trippers,grey
outdoor adventurers- national parks,grey
city breakers,grey
outdoor adventurers- parks,grey
travel buffs,grey
domestic holidayers,grey
outdoor adventurers- beaches,grey
home-from-home holidayers,grey
family holidayers,grey
north america interested,grey
rafting adventurers,grey
whale watching enthusiasts,grey
holiday planners- online reviews,grey
recreation facility managers,grey
adventure travellers,grey
backpackers,grey
go players,grey
sledding fans,grey
the uk interested,grey
mountaineering experts,grey
outdoor adventurers- campers,grey
holiday planners- travel books,grey
road trippers,grey
uk interested,grey
experience seeker - amusement parks,grey
outdoor adventurers,grey
honeymooners,grey
snowshoeing enthusiasts,grey
experience seeker - zoos,grey
dedicated walkers,grey
canoeing enthusiasts,grey
culturally curious,grey
canada interested,grey
active historians,grey
museum visitors,grey
curators and museum staff,grey
archaeology buffs,grey
history buffs,grey
historical attraction fans,grey
london interested,grey
art aficionados,grey
fossil fans,grey
art and theatre fans,grey
active traders,grey
investment enthusiasts- forex,grey
investment enthusiasts,grey
financial planners,grey
investment enthusiasts- hedge funds,grey
on the pulse- financial industry,grey
investment enthusiasts - options,grey
finance professionals,grey
financial planners - financial planning & assistance,grey
investment enthusiasts- commodities,grey
financial planners- interest rates,grey
financial planners- financial regulation,grey
finance opinion leaders,grey
financial advisors,grey
alternative investors,grey
crypto curious,grey
financial planners- financial reform,grey
business show fans,grey
business service experts,grey
economics thinkers,grey
skilled accountants,grey
investment enthusiasts- mutual funds,grey
revenue generators,grey
budgeting masters,grey
internal audit pros,grey
mergers and acquisitions experts,grey
financial planners - savings accounts,grey
business growth strategists,grey
financial planners - credit & lending,grey
financial planners - retirement planning,grey
business movers,grey
investment & equity experts,grey
needing business advice- business education,grey
financial planners- mitigating crisis,grey
aspiring financial professionals,grey
financial planners - debit & checking services,grey
strategic planners,grey
reporting pros,grey
business news radio audience,grey
business development pros,grey
compliance specialists,grey
on the pulse- media industry,grey
capital raisers,grey
management pros,grey
financial planners - mortgages,grey
sales experts,grey
home movers- buying a new home,grey
acura fans,grey
luxury car buyers,grey
performance & luxury vehicle enthusiasts,grey
chrysler fans,grey
alfa romeo fans,grey
auto show enthusiasts,grey
mazda fans,grey
citroen fans,grey
bmw fans,grey
on the pulse- automotive industry,grey
auto employees,grey
auto enthusiasts,grey
sedan owners,grey
infiniti fans,grey
coupe owners,grey
microcar owners,grey
mercedes-benz fans,grey
car tuning enthusiasts,grey
peugeot fans,grey
budget car buyers,grey
car tech fans- infotainment,grey
mitsubishi fans,grey
pre-owned car buyers,grey
maserati fans,grey
porsche fans,grey
scion fans,grey
sports car buyers,grey
classic car buyers,grey
honda fans,grey
suv owners,grey
auto racing enthusiasts,grey
convertible owners,grey
seat fans,grey
jaguar fans,grey
new car buyers,grey
car performance upgraders- engines,grey
executive car buyers,grey
motor sports enthusiasts,grey
car design fixers & upgraders- car parts,grey
car restoration enthusiasts,grey
subaru fans,grey
mini fans,grey
hatchback owners,grey
crossover owners,grey
performance car buyers,grey
lexus fans,grey
audi fans,grey
vintage car collectors,grey
pickup truck owners,grey
concept car buyers,grey
vauxhall-opel fans,grey
station wagon owners,grey
compact car owners,grey
dodge fans,grey
motorcycle enthusiasts,grey
financial planners- gas prices,grey
chevrolet fans,grey
vauxhall fans,grey
buick fans,grey
diesel fans,grey
cadillac fans,grey
car fixers & upgraders- electrics,grey
diesel car buyers,grey
nissan fans,grey
cars and motoring show fans,grey
safety-first drivers,grey
truck & suv enthusiasts,grey
jeep fans,grey
toyota fans,grey
renault fans,grey
thrill seekers,grey
minivan owners,grey
off-road owners,grey
suzuki fans,grey
fiat fans,grey
volvo fans,grey
ram trucks fans,grey
isuzu fans,grey
land rover fans,grey
performance tuners,grey
model racing enthusiasts,grey
nascar fans,grey
van owners,grey
tesla fans,grey
tether car racers,grey
gmc fans,grey
f1 fans,grey
ford fans,grey
volkswagen fans,grey
karting enthusiasts,grey
car fixing & building enthusiasts,grey
lincoln fans,grey
boating aficionados,grey
hyundai fans,grey
kia fans,grey
transport & logistics professionals,grey
scooter buyers,grey
on the pulse- aviation industry,grey
adidas fans,grey
skateboarding buffs,grey
mainstream shoe buyers- male,grey
fila fans,grey
skechers fans,grey
foot locker fans,grey
fitness fans- male running shoes,grey
nike fans,grey
freestyle football fans,grey
under armour fans,grey
sports players- equipment,grey
new balance fans,grey
athletes & sports professionals,grey
fitness fans- female running shoes,grey
budget shoe buyers- male,grey
mainstream shoe buyers- female,grey
soccer fans,grey
fitness fans- cross trainers,grey
coach fans,grey
air jordan fans,grey
administrative role seekers,grey
recruitment specialists,grey
job fair attendees,grey
financial planners- job market,grey
job hunters- career change,grey
career pathway planners,grey
sales & marketing prospects,grey
seasonal job searchers,grey
career guidance seekers,grey
career starters,grey
human resources specialists,grey
job starters,grey
unemployed professionals,grey
tech role aspirants,grey
future executives & managers,grey
ambitious individuals,grey
employee managers,grey
internship hunters,grey
career consulting enthusiasts,grey
education sector hopefuls,grey
outsourcing specialists,grey
resume crafting seekers,grey
thru-hiking enthusiasts,grey
risk takers,grey
trail hikers,grey
mountain climbing buffs,grey
orienteering experts,grey
independent spirits,grey
mountain biking fans,grey
rock climbing buffs,grey
panama interested,grey
cycling fans,grey
extreme sports junkies,grey
financial planners - travel insurance,grey
diving devotees,grey
team builders,grey
the north face fans,grey
patagonia fans,grey
bicycle upgraders,grey
distance travellers,grey
camper van fans,grey
base jumping daredevils,grey
canyoning adventurers,grey
water sports lovers,grey
skiing lovers,grey
budget travellers,grey
news junkies- sports stories,grey
healthy living- wellness,grey
kayaking devotees,grey
polar travel interested,grey
luxury hobbyists,grey
snorkelling fans,grey
paragliding daredevils,grey
fitness fans- physical exercise,grey
scuba diving enthusiasts,grey
impending travellers,grey
safari interested,grey
luxury inspiration,grey
animal and nature lovers,grey
surfing devotees,grey
winter sports fans,grey
cost efficiency masters,grey
style minded- luggage,grey
cave explorers,grey
cruises interested,grey
sports fans,grey
healthy eaters,grey
europe interested,grey
fitness fans,grey
powerboat racing fans,grey
winter sports participants,grey
sports players,grey
snowboarding aficionados,grey
fitness fans- running,grey
birdwatching buffs,grey
nepal interested,grey
kitesurfing aficionados,grey
financial planners- house market,grey
adventurous eaters,grey
dieters- kombucha,grey
asian cuisine fans,grey
korean cuisine fans,grey
caffeine addicts,grey
african cuisine fans,grey
on the shopping list- vegetarian food,grey
russian/eastern european cuisine fans,grey
food & beverages producers,grey
on the shopping list- cheese & cheesemaking,grey
fungi study devotees,grey
chefs and food producers,grey
dieters- food supplements,grey
on the shopping list- condiments & sauces,grey
middle eastern cuisine fans,grey
foodies,grey
japanese cuisine fans,grey
on the shopping list- organic food,grey
on the shopping list- vegan food,grey
"food, drink and cooking show fans",grey
vegans,grey
vegetarians,grey
on the shopping list- tea,grey
on the shopping list- juice,grey
restaurant enthusiasts,grey
on the shopping list- coffee roasting,grey
chinese cuisine fans,grey
indian cuisine fans,grey
fair trade prioritisers,grey
advertising experts,grey
on the pulse- advertising industry,grey
marketing strategists,grey
promotion strategists,grey
market researchers,grey
communication & pr specialists,grey
media & communication buffs,grey
public relations experts,grey
google fans,grey
sales strategy experts,grey
brand search sophisticates- seo,grey
digital content creators,grey
company changers,grey
vendor relations pros,grey
known brand prioritisers,grey
getting work ready - signage,grey
bloggers,grey
software experts- email,grey
aerospace enthusiasts,grey
defence & space workers,grey
plane enthusiasts,grey
on the pulse- defence industry,grey
airline employees,grey
aircraft modelers,grey
electrical engineers,grey
civil engineers,grey
driverless car buyers,grey
on the pulse- power and energy industry,grey
logistical business planners,grey
stargazing aficionados,grey
facilities managers,grey
public sector professionals in the making,grey
physics buffs,grey
on the pulse- logistics and transportation industry,grey
shipbuilding professionals,grey
afl fans,grey
aussie rules loyalists,grey
rugby league fans,grey
australia interested,grey
rugby fans,grey
nfl fans,grey
rugby world cup fans,grey
american football fans,grey
ncaa football lovers,grey
soccer fans- attendees,grey
cricket fans,grey
fifa world cup fans,grey
premier league fans,grey
africa interested,grey
kenya interested,grey
south africa interested,grey
egypt interested,grey
morocco interested,grey
on the pulse- food industry,grey
ai experts,grey
problem-solving gurus,grey
aspiring inventors,grey
software experts- databases,grey
online learning suppliers,grey
tech enthusiasts- computer servers,grey
nba fans,grey
basketball fans- attendees,grey
ncaa basketball devotees,grey
sports memorabilia collectors,grey
college sports fans,grey
radio-controlled toy collectors,grey
diorama creators,grey
kite flying enthusiasts,grey
rail travellers,grey
the caribbean interested,grey
delivery and freight experts,grey
consumer services suppliers,grey
duty-free shoppers,grey
bus travellers,grey
skydiving daredevils,grey
riyadh interested,grey
aldo fans,grey
budget shoes - female fans,grey
nine west fans,grey
boots - female fans,grey
boots - male fans,grey
retail role enthusiasts,grey
steve madden fans,grey
on the pulse- retail industry,grey
budget shoes - male fans,grey
budget bag and wallet buyers- male,grey
everyday makeup & cosmetic product prioritisers,grey
nicholas kirkwood fans,grey
italy interested,grey
philanthropists,grey
entrepreneurs- venture capital stage,grey
entrepreneurs- angel investment stage,grey
luxury investments,grey
risk adverse,grey
financially astute savers,grey
business learners,grey
alternative music listeners,grey
rock music fans,grey
classic rock fans,grey
indie music fans,grey
vinyl record collectors,grey
music video fans,grey
variety audio fans,grey
aspiring musicians,grey
experience seeker - music festivals,grey
r&b music fans,grey
hip hop music fans,grey
soul music fans,grey
electronic music fans,grey
world music fans,grey
indie film,grey
breakdance admirers,grey
karaoke singers,grey
urban music lovers,grey
aspiring singers,grey
dance music fans,grey
soft rock listeners,grey
oldies music fans,grey
folk music fans,grey
experience seeker - live music,grey
experience seeker - dancehalls,grey
music streamers & spotify loyalists,grey
radio tuners,grey
aspiring djs- equipment,grey
live event enthusiasts,grey
wholesale trade experts,grey
mentoring experts,grey
life guidance seekers,grey
recently graduated,grey
inspiration hunters,grey
constantly occupied,grey
students,grey
ceos,grey
business leaders,grey
skills-based training supporters,grey
educators,grey
training experts,grey
leadership gurus,grey
exhibition attendees,grey
freelancers,grey
time poor people,grey
project management pros,grey
american cuisine fans,grey
fast food fans,grey
experience seeker - diners,grey
restaurant staff & managers,grey
casual restaurant fans,grey
on the shopping list- bbq products,grey
on the shopping list- seafood,grey
on the shopping list- pizza,grey
keen bbqers,grey
supermarket regulars,grey
mexican cuisine fans,grey
snackers,grey
on the shopping list- desserts,grey
supermarket & retail staff,grey
child fashion,grey
budget underwear buyers- female,grey
mainstream underwear buyers- female,grey
next fans,grey
lululemon fans,grey
baby & toddler fashion,grey
vintage clothing collectors,grey
budget underwear buyers- male,grey
baseball fans,grey
mlb fans,grey
sports radio fans,grey
fantasy sports players,grey
experience seeker - sports events,grey
nhl fans,grey
sport show fans,grey
ncaa baseball fans,grey
ice hockey fans,grey
mls fans,grey
golf enthusiasts,grey
champions league fans,grey
euro 2020 fans,grey
power 5 conferences fans,grey
tv sports fans,grey
nations league fans,grey
pac 12 fans,grey
big 10 fans,grey
amsterdam interested,grey
eredivise fans,grey
brussels interested,grey
process improvement specialists,grey
needing business advice- management consulting,grey
business decision makers- network & enterprise security,grey
testing professionals,grey
on the pulse- information services industry,grey
on the pulse- management consulting industry,grey
business decision makers- network equipment & virtualization,grey
it professionals,grey
tech enthusiasts- computer networking,grey
consulting gurus,grey
networking masters,grey
planning experts,grey
tech enthusiasts- computer memory & storage,grey
math lovers,grey
sme leaders,grey
customer relations pros,grey
program managers,grey
software experts- crm solutions,grey
order fulfilment experts,grey
security & investigation experts,grey
business decision makers- cdps,grey
puzzle hobbyists- cryptography,grey
cios and ctos,grey
negotiation experts,grey
science and nature show fans,grey
animal rights campaigners,grey
environmental advocates,grey
on the pulse- non-profit organizations,grey
animal care & veterinary professionals,grey
charity givers,grey
potential pet adopters,grey
butterfly observers,grey
charity workers,grey
pet bird owners,grey
charity and giving advocates,grey
environmental service workers,grey
sustainability champions,grey
pet owners,grey
community activists,grey
pet owners- in need of a vet,grey
charity fund raisers,grey
pet reptile owners,grey
volunteer heroes,grey
pet dog owners,grey
biology buffs,grey
pet rabbit owners,grey
foragers,grey
gardening fans,grey
pet owners- in need of supplies,grey
ethics thinkers,grey
botanists,grey
gardening fans- guerrilla gardening,grey
large pet owners,grey
new pet owners,grey
pet owners- finding the right food,grey
pet dog owners- dog walking,grey
financial planners - pet insurance,grey
life science enthusiasts,grey
political thinkers,grey
horse owners,grey
pet cat owners,grey
green business leaders,grey
arts and culture show fans,grey
health and fitness show fans,grey
pet owners- in need of sitters,grey
health science buffs,grey
healthcare professionals,grey
cat owners,grey
pet dog owners- dog training,grey
medical science scholars,grey
healthy living- nutrition,grey
doctors and nurses,grey
on the pulse- healthcare industry,grey
clinical medicine scholars,grey
healthy living- herbs and supplements,grey
health concerned- lung and respiratory health,grey
dog owners,grey
health concerned- dental health,grey
health concerned- medical tests,grey
biotech experts,grey
small pet owners,grey
equestrian enthusiasts,grey
pharma industry professionals,grey
hypochondriacs,grey
microbiology buffs,grey
health concerned- heart and cardiovascular diseases,grey
research devotees,grey
healthcare career pursuers,grey
in need of help- pest control,grey
health concerned- pharmaceutical drugs,grey
fostering families,grey
animation show fans,grey
children show fans,grey
youtube enthusiasts,grey
satire readers,grey
fairy tale readers,grey
comedy fans,grey
streaming media connoisseurs,grey
broadcasters,grey
new baby preppers- feeding,grey
folktale readers,grey
ott show binge-watchers,grey
family show fans,grey
tv sitcom fans,grey
tragicomedy readers,grey
japan interested,grey
soap opera fans,grey
anniversary celebrators,grey
wedding gift buyers,grey
special day preparation- wedding & engagement rings,grey
gifting preppers - personalized gifts,grey
gifting preppers - greeting cards,grey
gifting preppers - gift baskets,grey
special day preparation- flowers,grey
in the honeymoon period,grey
special day preparation- party planning,grey
special day preparation- wedding planners,grey
newly engaged,grey
floral design aficionados,grey
jewellery makers,grey
bachelorette party planners,grey
christmas preppers,grey
apiring rappers,grey
apple fans,grey
mobile enthusiasts,grey
tech enthusiasts- tablets,grey
huawei fans,grey
samsung fans,grey
tech enthusiasts- portable media players,grey
social media enthusiasts,grey
reading fans- e-book tech,grey
lenovo fans,grey
software experts- free software,grey
xiaomi fans,grey
time management pros,grey
windows experts,grey
remote work advocates,grey
livestreaming devotees,grey
educational video gamers,grey
tech enthusiasts- laptops,grey
puzzle hobbyists- word games,grey
software experts- browsers,grey
lifelong learners,grey
telecom industry workers,grey
safety minded- internet safety,grey
mexico interested,grey
reading fans- e-books,grey
education specialists,grey
sony fans,grey
mobile enthusiasts- accessories,grey
fitness fans- heart rate monitors,grey
reviewing outgoings- mobile phone service providers,grey
wireless tech experts,grey
tech enthusiasts- power adapters & chargers,grey
apprenticeship enthusiasts,grey
education enthusiasts,grey
education science advocates,grey
model united nations members,grey
school educators & administrators,grey
on the pulse- education industry,grey
intensive research shoppers,grey
rockhounding fans,grey
earth science devotees,grey
social studies minds,grey
art collectors,grey
archery aficionados,yellow
hunting aficionados,yellow
shooting sport enthusiasts,yellow
trapshooting buffs,yellow
fishing fans- equipment,yellow
paintball players,yellow
fencing buffs,yellow
home renovators- architecture,yellow
on the pulse- civil engineering industry,yellow
on the pulse- construction industry,yellow
home renovators- remodelling,yellow
home design fans- interior design,yellow
furniture builders,yellow
home design fans,yellow
garden living enthusiasts- landscaping,yellow
home design fans- decorating,yellow
art and photography books readers,yellow
home design fans- lights & fixtures,yellow
mainstream glasses wearers,yellow
fragrance fans,yellow
chopard fans,yellow
tag heuer fans,yellow
franck muller fans,yellow
desigual fans,yellow
chow tai fook fans,yellow
audemars piguet fans,yellow
longines fans,yellow
style minded- sunglasses,yellow
vacheron constantin fans,yellow
tissot fans,yellow
rolex fans,yellow
fine art fans,yellow
sculpting fans,yellow
aspiring artists,yellow
home design fans- paint,yellow
graffiti fans,yellow
book collectors,yellow
aspiring authors,yellow
literature & language lovers,yellow
ceramic fans,yellow
university bound- researching institutions,yellow
classical music fans,yellow
elegant calligraphers,yellow
event organizers,yellow
cosmetologists,yellow
opera fans,yellow
research & policy analysts,yellow
unique product prioritisers,yellow
image conscious- makeup & beauty,yellow
glassblowing gurus,yellow
makeup & cosmetics fans,yellow
puppetry artists,yellow
stamp collectors,yellow
experience seeker - ballet,yellow
quilling queens & kings,yellow
religious devotees- spirituality,yellow
cooking enthusiasts,yellow
fitness fans- pilates,yellow
cooking enthusiasts- cookware & bakeware,yellow
university bound- researching options,yellow
dancing fans,yellow
pottery fans,yellow
book & media publishers,yellow
non-fiction readers,yellow
on the pulse- publishing industry,yellow
autobiography readers,yellow
magazine addicts,yellow
healthy living- holistic health,yellow
pressed flower enthusiasts,yellow
pursuing personal development- textbooks,yellow
writers & editors,yellow
book restoration artists,yellow
reference readers,yellow
religious devotees- christianity,yellow
book club members,yellow
socialisers- home entertaining,yellow
st. petersburg interested,yellow
experience seeker - plays,yellow
nightlife fans,yellow
body art fans,yellow
laser tag players,yellow
modern blacksmiths,yellow
daily newspaper readers,yellow
documentary fans,yellow
fashion and beauty show fans,yellow
teen drama fans,yellow
asia interested,yellow
thai cuisine fans,yellow
singapore interested,yellow
vietnamese cuisine fans,yellow
thailand interested,yellow
cookbook readers,yellow
quick meals,yellow
italian cuisine fans,yellow
latin american cuisine fans,yellow
china interested,yellow
on the shopping list- viennoiserie,yellow
cooking enthusiasts- recipe inspiration,yellow
asics fans,yellow
beach volleyball fans,yellow
fitness fans- jogging,yellow
volleyball lovers,yellow
health concerned- foot health,yellow
long-distance runners,yellow
table tennis enthusiasts,yellow
badminton buffs,yellow
roller skating fans,yellow
sports science enthusiasts,yellow
tennis polo fans,yellow
field hockey fans,yellow
budget formal dressers- female,yellow
swarovski fans,yellow
bedroom upgraders- bedroom furniture,yellow
iro fans,yellow
tory burch fans,yellow
screenwriters,yellow
scrapbooking hobbyists,yellow
cross-stitch enthusiasts,yellow
needlepoint crafters,yellow
crochet creators,yellow
tapestry creators,yellow
embroidery experts,yellow
quilting experts,yellow
weaving wizards,yellow
leather artisans,yellow
origami artists,yellow
sewing specialists,yellow
knitting virtuosos,yellow
upcycling innovators,yellow
kitchen upgraders- kitchen & bathroom cabinets,yellow
gardening fans- hands on landscapers,yellow
savvy savers,yellow
soap crafting artists,yellow
home design fans- storage & shelving,yellow
office managers- office supplies,yellow
garden living enthusiasts- decorating,yellow
home upgraders- other kitchen appliance accessories,yellow
home design fans- linens,yellow
cooking enthusiasts- breadmaking equipment,yellow
freelance writers,yellow
poetry readers,yellow
essay readers,yellow
short story readers,yellow
philosophy thinkers,yellow
mystery readers,yellow
aspiring composers,yellow
aspiring musicians- instruments,yellow
aspiring drummers,yellow
record collectors,yellow
aspiring guitarists,yellow
jazz music fans,yellow
aspiring filmmakers- hardware,yellow
home tech enthusiasts- speakers,yellow
home tech enthusiasts- stereo systems,yellow
beatboxing fans,yellow
barbershop music fans,yellow
music fans- headphones and hardware,yellow
home tech enthusiasts- home theatre systems,yellow
home tech enthusiasts- home entertainment systems,yellow
gardening fans- lawn care,yellow
public radio supporters,yellow
news radio followers,yellow
home upgraders- microwaves,yellow
opinion leaders,yellow
business executives,yellow
financial planners - tax software,yellow
legal experts,yellow
news junkies- law stories,yellow
financial planners - credit cards,yellow
pursuing personal development- self improvement,yellow
home tech enthusiasts- televisions,yellow
audit professionals,yellow
corporate law professionals,yellow
financial planners - estate planning,yellow
budding legal professionals,yellow
on the pulse- legal services industry,yellow
blues music fans,yellow
aspiring international studiers,yellow
ex-pats,yellow
global affairs enthusiasts,yellow
aspiring multi-linguists,yellow
education comes first- test preparation & tutoring,yellow
financial planners - student loans,yellow
translators & localization experts,yellow
aspiring magicians,yellow
witchcraft practitioners,yellow
juggling enthusiasts,yellow
public speakers,yellow
latin america interested,yellow
music show fans,yellow
gospel music fans,yellow
germany interested,yellow
health concerned- throat,yellow
reggae music fans,yellow
astrology believers,yellow
healthy living- male health,yellow
triathlon competitors,yellow
tennis lovers,yellow
water polo devotees,yellow
combat sports admirers,yellow
squash players,yellow
fitness fans- exercise equipment,yellow
fitness fans- bodybuilding,yellow
pickleball players,yellow
racquetball players,yellow
fitness fans- gyms & athletic clubs,yellow
european championships (football) fans,yellow
fitness fans- jumping rope,yellow
healthy living- female health,yellow
curling enthusiasts,yellow
softball fans,yellow
fitness fans- weightlifting,yellow
gymnastics admirers,yellow
boxing aficionados,yellow
wrestling fans,yellow
fitness fans- weight training,yellow
lacrosse fans,yellow
martial arts devotees,yellow
news junkies- current events stories,yellow
summer olympics fans,yellow
iceboat racing fans,yellow
europa league fans,yellow
fitness fans- cardio,yellow
trainers & coaches,yellow
cheerleading supporters,yellow
country club members,yellow
sailing enthusiasts,yellow
speed skating lovers,yellow
ice skating enthusiasts,yellow
fitness fans- powerlifting,yellow
tv news fans,yellow
figure skating aficionados,yellow
ultimate frisbee fans,yellow
patek philippe fans,yellow
breguet fans,yellow
jaeger-le coultre fans,yellow
precision timepiece crafters,yellow
omega fans,yellow
swatch fans,yellow
budget jewellery buyers- male,yellow
electric & hybrid cars,yellow
oppo fans,yellow
style minded- eyeglasses & contact lenses,yellow
semiconductor specialists,yellow
home tech enthusiasts- projectors,yellow
new zealand interested,yellow
ireland interested,yellow
south america interested,yellow
infotainment readers,yellow
horse racing lovers,yellow
memoir readers,yellow
biography readers,yellow
b&b holidayers,yellow
home movers- moving into rental,yellow
home design fans- nursery,yellow
family time focussed,yellow
progressive parents,yellow
new baby gifters,yellow
puzzle hobbyists- jigsaw puzzles,yellow
new parents,yellow
home design fans- bedding,yellow
pre-school families,yellow
education comes first - early childhood education,yellow
bedroom upgraders- beds & bed frames,yellow
health concerned- pregnancy,yellow
baby & toddler food,yellow
healthy living- children's health,yellow
budget bath & body product prioritisers,yellow
swimwear fans,yellow
dieters- paleo,yellow
dairy product suppliers,yellow
on the shopping list- tarts & sweet treats,yellow
bachelor party planners,yellow
experience seeker - parties,yellow
experience seeker - pubs and bars,yellow
special day preparation- even planning,yellow
prom preparers,yellow
events planners,yellow
special day preparation- photography,yellow
backgammon players,yellow
dominoes players,yellow
cribbage players,yellow
checkers players,yellow
chess players,yellow
poker players,yellow
puzzle hobbyists- sudoku,yellow
shuffleboard players,yellow
bridge players,yellow
experience seeker - online casinos & gambling,yellow
mahjong players,yellow
snooker/pool/billiards players,yellow
puzzle hobbyists- crossword puzzles,yellow
billiards players,yellow
cornhole players,yellow
picnic lovers,yellow
survival skills practitioners,yellow
frisbee players,yellow
netball players,yellow
mini golf lovers,yellow
handball buffs,yellow
margaret howell fans,yellow
nippon baseball fans,yellow
basic medicine scholars,yellow
health concerned- cold and flu,yellow
health concerned- bone and joint conditions,yellow
health concerned- allergies,yellow
healthy living- senior health,yellow
health concerned- infectious diseases,yellow
health concerned- vaccines,yellow
health concerned- first aid,yellow
bath & body product prioritisers,yellow
everyday bath & body product prioritisers,yellow
luxury bath & body product prioritisers,yellow
luxury skin care product prioritisers,yellow
skin care product fans,yellow
everyday skin care product prioritisers,yellow
budget skin care product prioritisers,yellow
female deodorant and antiperspirant intenders,yellow
everyday fragrance product prioritisers,yellow
cosmetics experts & suppliers,yellow
shaving,yellow
luxury makeup & cosmetic product prioritisers,yellow
rest and relaxation prioritisers,yellow
health concerned- skin and dermatology,yellow
male deodorant and antiperspirant intenders,yellow
tanning fans,yellow
budget makeup & cosmetic product prioritisers,yellow
female shavers,yellow
hair style prioritisers,yellow
image conscious- spas & beauty,yellow
dental care prioritisers,yellow
salon patrons,yellow
swimming devotees,yellow
rest and relaxation prioritisers- pools and spas,yellow
sport stacking enthusiasts,yellow
home design fans- living room furniture,yellow
home design fans- dining room furniture,yellow
kitchen upgraders- kitchen furniture,yellow
bedroom upgraders- mattresses,yellow
office managers- office furniture,yellow
garden living enthusiasts- furniture,yellow
home design fans- home office,yellow
home design fans- curtains,yellow
home design fans- office chairs,yellow
home design fans- rugs & carpets,yellow
home design fans- wall light fixtures,yellow
home design fans- ceiling light fixtures,yellow
home movers- settling in,yellow
home upgraders- washers & dryers,yellow
building suppliers,yellow
beekeepers,yellow
pet insect owners,yellow
beer tasting aficionados,yellow
on the shopping list- beer,yellow
homebrewing experts,yellow
on the shopping list- distilled beverages,yellow
on the shopping list- spirits,yellow
cocktail mixologists,yellow
wine & spirits industry workers,yellow
on the shopping list- wine,yellow
wine crafting connoisseurs,yellow
on the shopping list- soft drinks,yellow
wine tasting connoisseurs,yellow
bell ringing devotees,yellow
bmx enthusiasts,yellow
unicycle riders,yellow
roller derby fans,yellow
talk radio enthusiasts,yellow
news/talk radio audience,yellow
bowling players,yellow
darts players,yellow
genetics scholars,yellow
on the pulse- biotech and biomedical industry,yellow
chemistry enthusiasts,yellow
chemical engineers,yellow
sociology thinkers,yellow
on the pulse- pharmaceutical industry,yellow
on the pulse- agriculture,yellow
psychology minds,yellow
health concerned- brain and nervous system disorders,yellow
health concerned- endocrine and metabolic diseases,yellow
health concerned- surgery,yellow
health concerned- infertility,yellow
health concerned- blood disorders,yellow
birthday celebrators,yellow
longboarding lovers,yellow
puzzle hobbyists- quizzes,yellow
puzzle hobbyists- mazes (indoor/outdoor),yellow
lottery players,yellow
pet fish owners,yellow
rowing,yellow
high end cruises,yellow
tattoo fans,yellow
bogota interested,yellow
india interested,yellow
bonsai tree growers,yellow
topiary enthusiasts,yellow
gardening fans- flowers,yellow
jazzy sock fans,yellow
getting work ready - workwear,yellow
gardening fans- houseplants,yellow
home tech enthusiasts- hydroponics,yellow
gardening fans- planting & horticulture,yellow
mycology enthusiasts,yellow
gardening fans- composting,yellow
vegetable farming fans,yellow
gardening fans- herb keeping,yellow
croquet players,yellow
jujitsu experts,yellow
taekwondo aficionados,yellow
karate aficionados,yellow
judo practitioners,yellow
wrestling fans- wwe,yellow
brand trialers,yellow
subscription box members,yellow
brazil interested,yellow
la liga fans,yellow
serie a fans,yellow
switzerland interested,yellow
british cuisine fans,yellow
british show fans,yellow
on the shopping list- biscuit,yellow
on the shopping list- pastry,yellow
home and garden show fans,yellow
crime & detective show fans,yellow
historical fiction shows fans,yellow
crime/detective readers,yellow
reality show fans,yellow
catch-up tv buffs,yellow
true crime fans,yellow
horror show fans,yellow
game show fans,yellow
news junkies- crime stories,yellow
educational radio listeners,yellow
reviewing outgoings- cable & satellite tv providers,yellow
news junkies- international news stories,yellow
holiday show fans,yellow
news junkies,yellow
politics show fans,yellow
news junkies- national news stories,yellow
news junkies- local news stories,yellow
podcast junkies,yellow
polo aficionados,yellow
traditionalists,yellow
disputes resolution experts,yellow
house proud- home cleaning supplies,yellow
financial planners - auto insurance,yellow
yoga fans,yellow
style minded- costumes,yellow
budget glasses wearers,yellow
glasses wearers,yellow
crystal collectors,yellow
comfortable retirement,yellow
soon to retire,yellow
buenos aires interested,yellow
home renovators- doors and windows,yellow
in need of help- roofing services,yellow
container design & manufacturing experts,yellow
hands on home renovators- electrics,yellow
forest and paper industry workers,yellow
hands on home renovators- plumbing,yellow
hands on home renovators- flooring,yellow
plastics industry experts,yellow
bundesliga fans,yellow
ligue 1 fans,yellow
turkish super ligue fans,yellow
railroad industry workers,yellow
train enthusiasts,yellow
business decision makers- helpdesk & customer support solutions,yellow
business decision makers- network storage,yellow
privacy prioritisers,yellow
vpn users,yellow
safety & public welfare officers,yellow
reviewing outgoings- internet service providers,yellow
tech enthusiasts- computer peripherals,yellow
tech enthusiasts- hard drives,yellow
facilities workers,yellow
software experts- domain registration,yellow
safety minded- home security,yellow
utility service providers,yellow
on the pulse- telecommunications industry,yellow
nokia fans,yellow
on the pulse- metals industry,yellow
change managers,yellow
property redevelopers,yellow
students- undergrad senior,yellow
equipment experts,yellow
farmers- moving site,yellow
getting work ready - material handling equipment,yellow
on the pulse- real estate industry,yellow
farmers,yellow
financial planners - home insurance,yellow
energy sector workers,yellow
home movers- in the process of moving,yellow
on the pulse- mechanical and industrial engineering industry,yellow
welders,yellow
home upgraders- refrigerators,yellow
on the shopping list- coffee,yellow
coffee connoisseurs- coffee maker & espresso machine accessories,yellow
experience seeker - coffeehouses,yellow
on the shopping list- energy drinks,yellow
on the shopping list- chocolate,yellow
sled dog racing fans,yellow
home movers- researching,yellow
tech enthusiasts- gps devices,yellow
gambling and gaming employees,yellow
online gamblers,yellow
experience seeker - casinos & gambling destinations,yellow
graduating soon,yellow
caribbean interested,yellow
mineral collectors,yellow
home design fans- tableware,yellow
home design fans- fireplaces,yellow
jeddah interested,yellow
political advocates & organizers,yellow
veteran supporters,yellow
feminists,yellow
news junkies- disasters stories,yellow
health concerned- cancer,yellow
mental health professionals,yellow
health concerned- mental health,yellow
jordan interested,yellow
on the shopping list- cakes,yellow
on the shopping list- brownies,yellow
on the shopping list- bread,yellow
on the shopping list- cookies,yellow
french cuisine fans,yellow
dieters- weight loss,yellow
home upgraders- cooking ranges & stoves,yellow
home upgraders- freezers,yellow
dieters- keto,yellow
cooking enthusiasts- mixer & blender accessories,yellow
german cuisine fans,yellow
fruit picking enthusiasts,yellow
spanish cuisine fans,yellow
mining company employees,yellow
speedcubing buffs,yellow
puzzle champions- rubik's cube,yellow
halloween preppers,yellow
hong kong interested,yellow
historical fiction readers,yellow
high end skiiers,yellow
reviewing outgoings- water services,yellow
financial planners - health insurance,yellow
policy makers,yellow
health concerned- reproductive health,yellow
financial planners - insurance,yellow
health concerned- diabetes,yellow
healthy living- physical therapy,yellow
health concerned- injuries,yellow
healthy living- alternative medicine,yellow
fitness fans- fitness classes & personal training services,yellow
jukskei players,yellow
tobacco industry workers,yellow
coin collectors,yellow
kung fu practitioners,yellow
tai chi practitioners,yellow
retirees,yellow
nokia  mobiles,yellow
policy makers & researchers,yellow
news junkies- elections stories,yellow
pursuing personal development- mindfulness,yellow
pursuing personal development- meditation,yellow
convenience seekers,yellow
kitchen upgraders- refrigerator accessories,yellow
home upgraders- dishwashers,yellow
home upgraders- vacuums,yellow
recently bereaved,yellow
image conscious- cosmetics services,yellow
health concerned- hair loss,yellow
rest and relaxation prioritisers- massage,yellow
costa rica interested,yellow
guatemala interested,yellow
special day preparation- fireworks,yellow
cricket world cup fans,yellow
ipl fans,yellow
croatia interested,yellow
poland interested,yellow
healthy living- reiki,yellow
winter olympics fans,yellow
pole dancing enthusiasts,yellow
entertainers,yellow
dating,yellow
debaters,yellow
warehouse operations staff,yellow
denmark interested,yellow
sweden interested,yellow
oslo interested,yellow
scandinavian cuisine fans,yellow
iceland interested,yellow
model rail collectors,yellow
fitness fans - protein & supplement users,yellow
dieters- nootropics,yellow
puzzle hobbyists- memory training,yellow
divorcees,yellow
experience seeker - aquariums,yellow
kuwait interested,yellow
geography enthusiasts,yellow
lebanon interested,yellow
israel interested,yellow
religious devotees- islam,yellow
green energy advocates,yellow
home comfort prioritisers- air conditioners,yellow
reviewing outgoings- gas and electric,yellow
english proficiency,yellow
on the pulse- environmental services industry,yellow
home comfort prioritisers- air quality & defusers,yellow
home comfort prioritisers- indoor environmental quality,yellow
swashbuckler readers,yellow
rodeo devotees,yellow
ranch workers & managers,yellow
faith-based show fans,yellow
religious devotees,yellow
religious service workers,yellow
family history buffs,yellow
gothic readers,yellow
young adult literature readers,yellow
mythology readers,yellow
on the shopping list- crisps,yellow
financial planners - life insurance,yellow
us interested,yellow
recently retired,yellow
military personnel,yellow
news junkies- war and conflicts stories,yellow
slacklining enthusiasts,yellow
greek cuisine fans,yellow
on the shopping list- crackers,yellow
france interested,yellow
table football players,yellow
news junkies- weather stories,yellow
vienna interested,yellow
health concerned- eye and vision conditions,yellow
greece interested,yellow
turkey interested,yellow
in need of help- plumbing services,yellow
home design fans- carpet,yellow
health concerned- birth control,yellow
health concerned- sexual health,yellow
health concerned- menopause,yellow
health concerned- sexual conditions,yellow
health concerned- endocrine,yellow
healthy living- smoking cessation,yellow
"health concerned- ear, nose and throat conditions",yellow
health concerned- hormonal disorders,yellow
health concerned- thyroid disorders,yellow
health concerned- sleep disorders,yellow
religious devotees- buddhism,yellow
helsinki interested,yellow
monarchists,yellow
home design fans- feng shui,yellow
home design fans- painting services,yellow
house proud- home cleaning services,yellow
in need of help- locksmith services,yellow
taipei interested,yellow
hungary interested,yellow
prague interested,yellow
romania interested,yellow
impulsive shoppers,yellow
indonesia interested,yellow
malaysia interested,yellow
philippines interested,yellow
malta interested,yellow
religious devotees- judaism,yellow
renaissance fair fans,yellow
kabaddi enthusiasts,yellow
kiev interested,yellow
seoul interested,yellow
korean film fans,yellow
spain interested,yellow
late internet adopters,yellow
lima interested,yellow
oakley fans,yellow
moscow interested,yellow
weather enthusiasts,yellow
on the shopping list- candy & sweets,yellow
scouting members,yellow
the philippines interested,yellow
religious sceptics,yellow
theological fiction readers,yellow
religious devotees- hinduism,yellow
religious devotees- sikhism,yellow
santiago interested,yellow
showrooming customers,yellow
sri lanka interested,yellow
tehran interested,yellow
vietnam interested,yellow
trade fair businessmen,yellow
treasure hunters,yellow